user,repo,type,orcount
daimajia,AndroidImageSlider.git,build.gradle,0x0
castorflex,SmoothProgressBar.git,build.gradle,0x0
mcxiaoke,android-volley.git,pom.xml,0xf
johncarl81,parceler.git,pom.xml,0x7ff7
luontola,retrolambda.git,pom.xml,0x1fff820a
gabrielemariotti,RecyclerViewItemAnimators.git,build.gradle,0x0
fengjundev,Android-Skin-Loader.git,build.gradle,0x0
jfeinstein10,JazzyViewPager.git,unknown,0x0
balysv,material-menu.git,build.gradle,0x0
igreenwood,SimpleCropView.git,build.gradle,0x0
vipshop,Saturn.git,pom.xml,0x7fffffffffffffffffffe026040a
iMeiji,Toutiao.git,build.gradle,0x0
fython,MaterialStepperView.git,build.gradle,0x0
loopeer,CardStackView.git,build.gradle,0x0
zhangxd1989,spring-boot-cloud.git,pom.xml,0x1fffffff8400004020000000000000000000
zzz40500,AndroidSweetSheet.git,build.gradle,0x0
hamcrest,JavaHamcrest.git,build.gradle,0x0
UFreedom,FloatingView.git,build.gradle,0x0
sunfusheng,GlideImageView.git,build.gradle,0x0
yinjihuan,spring-cloud.git,pom.xml,0xfffffffffffffff9eb432b8700000021a060000500a0200002
flavienlaurent,NotBoringActionBar.git,build.gradle,0x0
1hakr,AnExplorer.git,build.gradle,0x0
dinuscxj,RecyclerRefreshLayout.git,build.gradle,0x0
D-clock,AndroidDaemonService.git,build.gradle,0x0
Xiaofei-it,HermesEventBus.git,build.gradle,0x0
sjwall,MaterialTapTargetPrompt.git,build.gradle,0x0
mongodb,mongo-hadoop.git,build.gradle,0x0
vector-im,riot-android.git,build.gradle,0x0
johnkil,Android-AppMsg.git,pom.xml,0x1
Leaking,Hunter.git,build.gradle,0x0
HackPlan,AndroidCharts.git,build.gradle,0x0
fusesource,mqtt-client.git,pom.xml,0x3ffff00000000000000000000000000000000000000000000000002
kongzue,DialogV3.git,build.gradle,0x0
toddway,MaterialTransitions.git,build.gradle,0x0
lopspower,CircularFillableLoaders.git,build.gradle,0x0
tumblr,Graywater.git,build.gradle,0x0
pedrovgs,Renderers.git,build.gradle,0x0
ToDou,appbarlayout-spring-behavior.git,build.gradle,0x0
kakajika,FragmentAnimations.git,build.gradle,0x0
wasabeef,Takt.git,build.gradle,0x0
banq,jdonframework.git,pom.xml,0x7ffffffc000000000000000000000000000800000000000100000040200002
chenssy89,jutils.git,pom.xml,0x0
THEONE10211024,RxJavaSamples.git,build.gradle,0x0
CaffeineMC,phosphor-fabric.git,build.gradle,0x0
kohlschutter,boilerpipe.git,pom.xml,0xf80080000000000000000000000000000000000000000000000000008000002
almalence,OpenCamera.git,unknown,0x0
Netflix,astyanax.git,build.gradle,0x0
uberspot,2048-android.git,build.gradle,0x0
signalapp,BitHub.git,pom.xml,0x7fff000000000000000000000000000000000000000000000008000000200000000
hongyangAndroid,MPermissions.git,build.gradle,0x0
xmuSistone,AnimRichEditor.git,build.gradle,0x0
algorithm004-01,algorithm004-01.git,build.gradle,0x0
good-life,PushTalk.git,pom.xml,0xf8000000080000002000000000000000000000000000006000400010000000200602
jpardogo,ListBuddies.git,build.gradle,0x0
Gottox,socket.io-java-client.git,unknown,0x0
diegodobelo,AndroidExpandingViewLibrary.git,build.gradle,0x0
linisme,SlimAdapter.git,build.gradle,0x0
microsoftarchive,android-sliding-layer-lib.git,pom.xml,0x300000000000000000000000000000000000000000000000000000000000000000001
askerov,DynamicGrid.git,build.gradle,0x0
crosswall,Android-Coverflow.git,build.gradle,0x0
makejavas,EasyCode.git,build.gradle,0x0
eBay,restcommander.git,unknown,0x0
JakeWharton,DrawerBehavior.git,build.gradle,0x0
hanhailong,FlowTag.git,build.gradle,0x0
CoXier,LowPoly.git,build.gradle,0x0
rahulrj,YahooNewsOnboarding.git,build.gradle,0x0
apache,mina.git,pom.xml,0x7fffc0000000000080000200000000000000000000000000000000000001000000000000a
paulc4,microservices-demo.git,pom.xml,0x18000000000000000000000000000000000000800000600100008120000008000000000000
florent37,RuntimePermission.git,build.gradle,0x0
google,tsunami-security-scanner-plugins.git,build.gradle,0x0
westlinkin,AndroidLocalizationer.git,unknown,0x0
HubSpot,Singularity.git,pom.xml,0x3ffffffffffffffffffffffffffe400000019300000000000000000080000000000000000000000600a21e4b00f8a00200008
oubowu,SlideBack.git,build.gradle,0x0
honeynet,apkinspector.git,unknown,0x0
fullstackreact,react-native-oauth.git,build.gradle,0x0
in28minutes,SpringMvcStepByStep.git,pom.xml,0x7c0080000000000000000000000000000000000000080000000000000000000000000000000000000000004001002000000000
aaronbond,Swipe-Deck.git,build.gradle,0x0
bootsrc,jseckill.git,pom.xml,0xf8000000000000000000000000000080000000000000800000000010000000040000000000001000000202200000c0200200000
zhangliangming,HappyPlayer5.git,build.gradle,0x0
turing-tech,MaterialScrollBar.git,build.gradle,0x0
kohsuke,args4j.git,pom.xml,0x3000000000000000000000000000000000000000000000000000000000000000000000000000000000000000000000000002000a
sczyh30,vertx-blueprint-microservice.git,pom.xml,0x3ffffffc0000000000000080000000000000000008000000000001800000000000000000000000000000000000002200010000000000002
linkedin,URL-Detector.git,pom.xml,0x400000000000000000000000000000000000000000000000000000000000000000000000000000000000000000000000000000200000000
MasayukiSuda,FPSAnimator.git,build.gradle,0x0
findbugsproject,findbugs.git,pom.xml,0x3ffffffc00000000000000000000400000000000020004000000000000000000010000000000000000000000000000000000000000208002600612
battcn,spring-boot2-learning.git,pom.xml,0x1ffc000000000000008000200000000000000000000000008000000000000000000000001000005001008004400408500000020220000000200200000
fpzeng,KSYStreamer_Android.git,build.gradle,0x0
gzsll,TLint.git,build.gradle,0x0
IntruderShanky,Squint.git,build.gradle,0x0
Karumi,KataSuperHeroesAndroid.git,build.gradle,0x0
thiagolocatelli,android-uitableview.git,build.gradle,0x0
MostafaGazar,soas.git,build.gradle,0x0
JetBrains,Grammar-Kit.git,unknown,0x0
tzutalin,dlib-android-app.git,build.gradle,0x0
Kickflip,kickflip-android-sdk.git,build.gradle,0x0
HanSolo,medusa.git,build.gradle,0x0
hulab,debugkit.git,pom.xml,0x0
LineChen,FlickerProgressBar.git,build.gradle,0x0
christophesmet,android_maskable_layout.git,build.gradle,0x0
timqi,SectorProgressView.git,build.gradle,0x0
oldman1977,SmartProxy.git,build.gradle,0x0
googlearchive,firebase-login-demo-android.git,build.gradle,0x0
xetorthio,johm.git,pom.xml,0x10000000000000000000000000000000000002
Comcast,cmb.git,pom.xml,0x7fffe000000000000000001000000000008000000000000000000040000000200080000002000000000000010000000000000000000001e10000600200002
Telerik-Verified-Plugins,NativePageTransitions.git,unknown,0x0
trishullab,bayou.git,pom.xml,0x1f80098000000000000000000000000000008000008000000000000000040000000001800000000000000000000000000000000000000000200000280200412
tinkerpop,pipes.git,pom.xml,0x2000000000000000000000000000000000000000000000000000000000000000000000000000000000000000000000000000000000000000000000000000002
hehonghui,android_my_pull_refresh_view.git,unknown,0x0
zhangyd-c,springboot-shiro.git,pom.xml,0x7c00000004c000000000000000000000000000000000000000000000000000000000000000000001000000005018000000000100000120220000000020000000
lovejjfg,Circle.git,build.gradle,0x0
Kenber,DoubleStickyHeadersList.git,build.gradle,0x0
vlonjatg,AppTour.git,build.gradle,0x0
AlanCheen,PeriscopeLayout.git,build.gradle,0x0
xuyisheng,VectorDemo.git,build.gradle,0x0
pkainulainen,gradle-examples.git,build.gradle,0x0
DoodleScheduling,android-material-chips.git,build.gradle,0x0
callicoder,spring-boot-postgresql-jpa-hibernate-rest-api-demo.git,pom.xml,0x80000000000000000000000000001000000000000000000000000000000000000000000000000000000000000000000000400100000020000000000000000000
xingstarx,InkeVerticalViewPagerLive.git,build.gradle,0x0
fabiomaffioletti,jsondoc.git,pom.xml,0x1f00400000010000000000000000000080000000000000000000000000000000000002080000002000000000000000000000000100000010004011000000020002
xiewenfeng,statusbartextcolorchange.git,build.gradle,0x0
ymcao,YaPlayer.git,build.gradle,0x0
codecentric,spring-boot-starter-batch-web.git,pom.xml,0xfe000000000010000000000000000000001000000000000000000000010000000000000000000000000000000001000000000008500000520000000000280000000
MoshDev,BackgroundViewPager.git,unknown,0x0
thinkaurelius,faunus.git,pom.xml,0xffff00002000000000000000000000000000000000000000000000000000000000000000000080000002000000000000000000000000000000000000010000000000002
ihaolin,alipay.git,pom.xml,0x7000000000000000000000000000000000002000000000000000000000000000000000000000002000000000000000000000000000000000000000000191000000000002
ykameshrao,spring-hibernate-springdata-springmvc-maven-project-framework.git,pom.xml,0x3fffffffff80000000000040000600000000000000010420800000000000000000000000000000080002008000900001000040000000000000000000010000002019b7b0a8a0000002
VictorAlbertos,RxSocialConnect-Android.git,build.gradle,0x0
bherbst,FragmentTransitionSample.git,build.gradle,0x0
twotoasters,clusterkraf.git,build.gradle,0x0
TechBooster,AndroidOpenTextbook.git,build.gradle,0x0
erchenger,SizeAdjustingTextView.git,build.gradle,0x0
kannan-anbu,glazy-viewpager.git,build.gradle,0x0
erickok,RxCupboard.git,build.gradle,0x0
RobotAmiee,Android-NiceTab.git,build.gradle,0x0
shamanland,fonticon.git,build.gradle,0x0
jacobtabak,Fragment-Switcher.git,build.gradle,0x0
xmuSistone,AlipayPullRefresh.git,build.gradle,0x0
sumimakito,AdvancedTextSwitcher.git,build.gradle,0x0
zetavg,react-native-system-notification.git,build.gradle,0x0
Cleveroad,Android-Marshmallow-Boot-Animation.git,build.gradle,0x0
CiTuX,datetimepicker.git,build.gradle,0x0
SpongeBobSun,mCalendarView.git,build.gradle,0x0
bloderxd,MagicButton.git,build.gradle,0x0
ZhaoKaiQiang,JianDanRxJava.git,build.gradle,0x0
prolificinteractive,Chandelier.git,build.gradle,0x0
TangKe,SlideMenu.git,build.gradle,0x0
fcannizzaro,jsoup-annotations.git,build.gradle,0x0
MoriTanosuke,glacieruploader.git,pom.xml,0x7fc0000000000000000000000080000000000000000000000000000080000000000000000040000080000000000000002000000000000000000000000000000000000620000200000002
PandaQAQ,PandaEye.git,build.gradle,0x0
SimonVT,android-datepicker.git,pom.xml,0x38000000000000000000000000000000000000000000000000000000000000000000000000000000000000000000000000000000000000000000000000000000000000000000000000001
miomin,SHSwipeRefreshLayout.git,build.gradle,0x0
zhiyuncloud,aixuexiao.git,unknown,0x0
AlphaBoom,ClassifyView.git,build.gradle,0x0
ImmortalZ,jellyball.git,build.gradle,0x0
uPhyca,GAlette.git,build.gradle,0x0
alivebao,FreeSizeDraggableLayout.git,build.gradle,0x0
s4,core.git,pom.xml,0x1ffc0000000000000000000000000000000000000000000000000000000000000000000000000000000040000004080000000000000000000000000000000000000000001800000003400402
Stay,PullRecycler.git,build.gradle,0x0
adblockplus,adblockplusandroid.git,unknown,0x0
lypeer,Matchmaker.git,unknown,0x0
suzeyu1992,SImageView.git,build.gradle,0x0
tarek360,Material-Animation-Samples.git,build.gradle,0x0
blazsolar,HorizontalPicker.git,build.gradle,0x0
thorbenprimke,realm-searchview.git,build.gradle,0x0
cangwang,Gank.git,build.gradle,0x0
telly,groundy.git,build.gradle,0x0
tarek360,Animated-Icons.git,build.gradle,0x0
duoan,mini-rpc.git,pom.xml,0xfe0000000000000000000000000000000000000000000000000000000000000000000000000000002000000000000000080002000000000000000000000000000000010000000180000000002
m2ym,rsense.git,unknown,0x0
Yalantis,e-contact-android.git,build.gradle,0x0
XiqingLiu,JesMVP.git,build.gradle,0x0
yassirh,digitalocean-swimmer.git,build.gradle,0x0
stormpath,stormpath-sdk-java.git,pom.xml,0xffffffffff0000001000000000008000000040000000100000004000000003c000000000004000000000000000800000000000080000000000000000001000000080000010200255000e6b1b08010000000
JetBrains,la-clojure.git,unknown,0x0
cloudfoundry,java-buildpack-auto-reconfiguration.git,pom.xml,0xff0000000000000000000000000000000000000000000100000000000000008001000000000000000000000000000000000000000000000000000000000001408000000000000002420004000100000000000
dmytrodanylyk,template.git,build.gradle,0x0
mikedg1,winky.git,unknown,0x0
wustor,AndroidComponent.git,build.gradle,0x0
TyCoding,shiro.git,pom.xml,0x70000000000000000000008010000000000000000000000e00000000000000010400000000000000000000000000000000000000040000000020000000000000000000000000000020106e4013900000000002
mongeez,mongeez.git,pom.xml,0x7a000000000000000000000880010000000000000000000000000000400000000000000000000000000000000000000000000000000082000002000000000000000000000000001000000000015000200000000
nathanmarz,dfs-datastores.git,unknown,0x0
WuXiaolong,DesignSupportLibrarySample.git,build.gradle,0x0
geekyijun,seckill.git,pom.xml,0x800000000000000600000000000080000000000000000000000000000000000010020000000000000000000000000000000000000000000000000000000000000100000000008010020102c4097b00000000002
bmeike,ProgrammingAndroidExamples.git,unknown,0x0
guiguegon,SineView.git,build.gradle,0x0
dlukashev,AndroidSlidingUpPanel-foursquare-map-demo.git,build.gradle,0x0
RameshBhupathi,CollapsingToolbar-With-Webview.git,build.gradle,0x0
TangXiaoLv,Android-Router.git,build.gradle,0x0
hengyunabc,spring-boot-inside.git,pom.xml,0x3f0000000000000000400000000000000000000000800000001000000000000000004008000000000000000000000000000000000000000000000000100000000100010010120850000c120000000000200000000
benniaobuguai,android-dynamic-action.git,build.gradle,0x0
kercer,kerkee_android.git,build.gradle,0x0
bowyer-app,fab-toolbar.git,build.gradle,0x0
ChenTianSaber,SlideBack.git,build.gradle,0x0
alexrs,WaveDrawable.git,build.gradle,0x0
crosswalk-project,crosswalk-cordova-android.git,build.gradle,0x0
wurstmeister,storm-kafka-0.8-plus.git,pom.xml,0xfc000000000000000000000000000000000000000000000000000000000000000000000000000000000000000000000000000000000000000000000100000000000000000000000000000000000040000000000012
chentao0707,SettingView.git,unknown,0x0
ogaclejapan,RxBinding.git,build.gradle,0x0
evollu,react-native-firebase-analytics.git,build.gradle,0x0
fanshanhong,fan-push.git,build.gradle,0x0
nimengbo,TextViewSpanClickable.git,build.gradle,0x0
ShkurtiA,AndroidPullMenu.git,build.gradle,0x0
BoD,android-prefs.git,build.gradle,0x0
tuacy,RecyclerPinnedHeader.git,build.gradle,0x0
robbertvanwaveren,boot-stateless-auth.git,build.gradle,0x0
yfuks,react-native-action-sheet.git,build.gradle,0x0
tosslife,FlyTxtView.git,unknown,0x0
mirrajabi,view-effects.git,build.gradle,0x0
spring-attic,spring-xd-samples.git,pom.xml,0x7fff00000010000000000000000000000000000000000000000000000000000000000000e00000000000000000000000000000000000000000000000000000000800000000000000000100000000004080200000200202
hf-hf,mail-micro-service.git,pom.xml,0x8000000000000000000080000000000000000000000000000000000000000004081000040204000000002a0000000
cloudsmith,geppetto.git,pom.xml,0x7fffffffff8000000000000000000000000000000000000000000010000020000000000000000000100000000000404000000000000000000000000000000800000000000000000000000000000000000000000012800004002e0602
sugarac,sribbble.git,build.gradle,0x0
adamsmith,game-theory-poker.git,unknown,0x0
NanBox,ParallaxRecyclerView.git,build.gradle,0x0
liaohuqiu,android-ActionQueue.git,build.gradle,0x0
smartyuge,RedPackage.git,build.gradle,0x0
rejasupotaro,Rebuild.git,build.gradle,0x0
Ecco,HelloSwift.git,unknown,0x0
googlesamples,io2014-codelabs.git,build.gradle,0x0
liangfeidotme,AndroidGlitterView.git,build.gradle,0x0
codepath,dagger2-example.git,build.gradle,0x0
cesarferreira,RxPaper.git,build.gradle,0x0
jaychang0917,SocialLoginManager.git,build.gradle,0x0
linheimx,LChart.git,build.gradle,0x0
lorensiuswlt,AndroidImageCrop.git,unknown,0x0
mesos,hadoop.git,pom.xml,0x78000000000000000000000000000000000000000100000000000000000000000000000000000000000000008000000000000100000000004000000000004000000000000000000000000000000000000000000000000000000000002
liaoziyang,ContentAssist.git,unknown,0x0
mattermost,mattermost-android-classic.git,build.gradle,0x0
mcharmas,android-tagview.git,build.gradle,0x0
jeevatkm,digitalocean-api-java.git,pom.xml,0x4000000000000000000000000000000000000000000000000000000000000000000000000000000000000210000200000402
dgmltn,Android-ShareEverywhere.git,build.gradle,0x0
MiEcosystem,NewXmPluginSDK.git,build.gradle,0x0
rstoyanchev,spring-mvc-chat.git,pom.xml,0x800000000000000000000000000000000000001000000000200000000000000000000000000000000000400000000000000000000000000000000000000000000000000000000000000000000000000000020100040a5d00010000002
scijava,scijava-jupyter-kernel.git,pom.xml,0x1fffff00000000000000000000000000000000000000000000000000000000000000000000000000000000000000000000000000000000000000000000040000000000000000000000000000000000000000000000000000000000200000002
hanhailong,SwipeBackSample.git,build.gradle,0x0
elastic,elasticsearch-river-rabbitmq.git,pom.xml,0x20000000000000000000000000000000000001000000000000000000000000000000000000000000000000000000000000000000000000000000000000000000000000000000000000000000000000000000000000000000000000000000000
liaokailin,springcloud.git,pom.xml,0x3fc00000000000000000000000000000004000010000000000000000000000000000000000000000000000000000000000000000000000000000000000000000000000000000000300000000000001a0951008100000020000000000400000002
elephantscale,hadoop-book.git,pom.xml,0x3c000000800000000000000000000000000000000000000000000000000000800000000000000000000000000000000000000000000000000000000000000000000002000000000000000000000000000000000000000000000000000000200002
jvelo,mayocat-shop.git,pom.xml,0x1ffffffffffffffffffffffffc000000000000000000000000000000800000000100000000000000000000000000000400000000000000000000000140000500100000000000000001000000100d0000020000000000040000000000000000000000000000002f0000480200002
emmasuzuki,EasyForm.git,build.gradle,0x0
rchodava,datamill.git,pom.xml,0xffffe00000000000000000000000000000000000000000000000000000000000000000100000000000000000000000000000080000000000000000000000000800000000000000000000000000000000000000010002000000800000000000000000000004000006290000000200012
oney,react-native-gcm-android.git,build.gradle,0x0
ikidou,FragmentBackHandler.git,build.gradle,0x0
yskgood,dubbo-hystrix-support.git,pom.xml,0x30000000000000000000000000000000000000000000000000000000000000000000000000000000000000000000000000000000000000000000000000000000000000000000000000000000000000000000000000002000000020000000000000000000000000000010000000000002
zhaozepeng,Android_framework.git,build.gradle,0x0
LiveRamp,hank.git,pom.xml,0xffc000000000000000000000000000000000000004800000000004000000000000000000000000000000000002000000000000408c000000000000000000000010000008040000000000000000040040000000080002002000000000000000000000000800000010000010088480000602
googlearchive,android-SwipeRefreshListFragment.git,build.gradle,0x0
free46000,HybridFoundation.git,build.gradle,0x0
KellenHu,MvpRxRetrofit.git,build.gradle,0x0
lmco,eurekastreams.git,pom.xml,0x1fffffffffffffff0000000081120000000000000000000000000000000000000002000000022000010000000004000000800803200000000000004000000000000000000000000080000000400004000000000010000000000000882000002000004000000000000000000000000010001910a00c00600202
learnNcode,ScrollBarPanelWithClock.git,unknown,0x0
LidongWen,WenldBanner.git,build.gradle,0x0
aizuzi,FastAdapter.git,build.gradle,0x0
Thomas-S-B,visualee.git,pom.xml,0x20000000000000000000000000000000000000000000000000000000000000000000000000000000000000000000000000000000000000001000000000000000000000000000000000000000000000000000000000000000000000000000000000000000000000000000000000000000000000000000020002
YeDaxia,WanDaoJiaIndex.git,unknown,0x0
fabric8io,elasticsearch-cloud-kubernetes.git,pom.xml,0xc0000000000000000000000000000002000000000000000000000000000000000000000000000000000000000000000000000000000000000000000000000000000000000000000000000000000000000000000000000000000000001800000000000000000000000000000000000000000000000000000000
liuzhao2007,EasyRouter.git,build.gradle,0x0
steellee,sao.git,pom.xml,0x1fffff000000000000000000000000000000000000000000000000000000000080000000000000000000000000000010000000001000000000000000000000001080000000000000080000000000000000000000000000080000020002000000000000010080c3205019e24410a08500000121b202000046e0000400
scp504677840,Fresco.git,build.gradle,0x0
wangpeiyuan,DanmuDemo.git,build.gradle,0x0
memfis19,Annca.git,build.gradle,0x0
sszhangpengfei,MediaCodecEncodeH264.git,build.gradle,0x0
HomHomLin,FrescoImageView.git,build.gradle,0x0
zhengxiaopeng,BounceProgressBar.git,build.gradle,0x0
aliumujib,Nibo.git,build.gradle,0x0
aicaprio,CurtainView.git,build.gradle,0x0
liangpengfei,SearchView.git,build.gradle,0x0
intel-machine-learning,DistML.git,pom.xml,0x1fe0000000000000000000000000000000000000000000000000000000000000000000000000000000000000000000000000000000000000000000000000100000000000000000000000000000000000000000000000000000000000000000000000000300000000000000000000000000000000000000000000200000
panxw,android-image-indicator.git,build.gradle,0x0
LiangLuDev,DevShapeUtils.git,build.gradle,0x0
dongjunkun,RecyclerViewAccentFirst.git,build.gradle,0x0
saulmm,Android-L-Preview-Concepts.git,build.gradle,0x0
lxdvs,Volley-OkHttp-Android.git,build.gradle,0x0
Lichenwei-Dev,ObservableScrollView.git,build.gradle,0x0
CaMnter,EasyLikeArea.git,build.gradle,0x0
nanchen2251,CoordinatorAppBarDemo.git,build.gradle,0x0
lukaspili,Auto-Dagger2.git,build.gradle,0x0
wkp111,StickLayout.git,build.gradle,0x0
astamuse,asta4d.git,pom.xml,0x7e000000000000000000000000000000000000000000000000000000018000000000000000000000000000008000000000080000000000000000000000000000000000000000400000001000080000000000000000000000000000082000001002010000000000000000000000000000000000000004081008240400008
play,play-android.git,pom.xml,0x780000000000000000000000000000000000000000000000000000000000000000000000000000000000000000000000000000000000000000000000000000000000000000000000000000000000000000000000000000000000000000000000000000000000000000000000000000000000000000000000000000000401
qdxxxx,StickyHeaderDecoration.git,build.gradle,0x0
xuminwlt,j360-cloud-all.git,pom.xml,0x38000000000000000000000000000000000000000000000000000000000004000000000000000000000000000000000000000000000000000000000000000000000000000000000000000000000000000000000000000000000000000000000000000000000280000000000001a0171208000008028000000000020000000
neoremind,navi-pbrpc.git,pom.xml,0x4000000000000000000000000000000000000000000000000000000000000000000000000000000000000042000000000000000000000000000000000000000000000000000000000000000000000000000000000000000000006000000000000000210002000000000000000000000000001000050000010300010000002
MohammadAdib,Roundr.git,unknown,0x0
zqhong,finalspeed.git,unknown,0x0
renaudcerrato,static-maps-api.git,build.gradle,0x0
Pgrammerybj,AnimationUtils.git,build.gradle,0x0
elastic,elasticsearch-river-couchdb.git,pom.xml,0x1000000000000000000000000000000000000000000000000000000000000000000000000000000000000000000000000000000000000000000000000000000000000000000000000000000000
JakeWharton,HanselAndGretel.git,pom.xml,0x38000000000000000000000000000000000000000000000000000000000000000000000000000000000000000000000000000000000000000000000000000000000000000000000000000000000000000000000000000000000000000000000000000000000000000000000000000000000000000000000000000000000001
XianyuTech,hybrid_stack_manager.git,build.gradle,0x0
dkmeteor,RecyclerViewAnimator.git,unknown,0x0
yqritc,Android-ScalableImageView.git,build.gradle,0x0
toddway,ListOfThings.git,build.gradle,0x0
LaravelChen,TouTiao.git,build.gradle,0x0
zzz40500,AnimatorCompat.git,build.gradle,0x0
xseignard,cordovarduino.git,unknown,0x0
wosyingjun,Leek.git,pom.xml,0x7c00000000000000000000000000000000000000000000000000000000000000000000000000000000000000000000000000000000000000000080000000000000000000000000000000000000000000000000000000000000000000000000000000000000020000000000000000000000000000000002200d0000000000000
AzimoLabs,MaskFormatter.git,build.gradle,0x0
Michenux,YourAppIdea.git,build.gradle,0x0
adamrocker,volley.git,pom.xml,0x808000000000000000000000000000000000000000000000000000000000000000000000000000000000000000000000000000000000000000000000000000000000000000000000000000000000000000000000000000000000000000000000000000000000000000000000000000000000000000000000000000000000007
rajasharan,SearchableSpinner.git,build.gradle,0x0
scireum,parsii.git,pom.xml,0x0
openMF,mifosx.git,build.gradle,0x0
chenpengfei88,StatusLayout.git,build.gradle,0x0
stephanenicolas,loglifecycle.git,build.gradle,0x0
kejunxia,AndroidMvc.git,build.gradle,0x0
AlanCheen,AndFixDemo.git,build.gradle,0x0
Geekince,WaterWaveView.git,unknown,0x0
baneizalfe,PullToDismissPager.git,build.gradle,0x0
lynfogeek,CollapsingHeader.git,build.gradle,0x0
guangzq,StepDialog.git,build.gradle,0x0
hoerresb,WifiWizard.git,unknown,0x0
babysource,VRDroid.git,build.gradle,0x0
shanyao0,SimpleApp.git,pom.xml,0x1
sungerk,DropDownLayout.git,build.gradle,0x0
lupidan,PopoverView.git,unknown,0x0
flavienlaurent,singleinputform.git,build.gradle,0x0
yammer,tenacity.git,pom.xml,0x7ff00000000000000000000000000000000000000000000000000000000000000000000000000000000000000000000000000000000000000000000000000000000000000000000000000000000000000000000000000000000000000000000002f000000000000000000020000000000000000000000042000000000000000008
ijarobot,Android-Chat-Widget.git,unknown,0x0
XiqingLiu,JesStatistics.git,build.gradle,0x0
Blucezhang,micro-server-own.git,pom.xml,0x3ff8000000000000004000000000000000000000000000000000000000000000000000000000000000000000000000020000000000010000000000000000000000000000040000000000000000000080000000000000000000000000000000000100000000000000000000000000000011a0811608100000021a2000c800020000000
riggaroo,android-arch-components-date-countdown.git,build.gradle,0x0
kryptco,krypton-android.git,build.gradle,0x0
tata88k,zxing-barcode.git,build.gradle,0x0
spinscale,elasticsearch-suggest-plugin.git,pom.xml,0xc00000000000000000000000000000000000000000000000002000000000000000000000000000000000000000000000000000000000000000000000000000000000000000000000000000000000000000000000200000000000000000000000000000000080000002000000000000000000000000000000040000800000090000202
QSFT,Doradus.git,pom.xml,0x7f000000000000000000020000000000000000000000000000000000000000000000000000000040000000000000000000000000000000000000000000000000000000000000210000000000000000000000000000000040000000000000000000000000000080000002000000000000000000000000000002000000000000000000002
StanKocken,SVG2Drawable.git,unknown,0x0
jaychou2012,SwitchLayout.git,build.gradle,0x0
zolad,VideoSlimmer.git,build.gradle,0x0
RIPE-NCC,hadoop-pcap.git,pom.xml,0x780000000000000000000000000000000000000000000000000000000000000000000000000000008000000000000000000000000000000000000000000000000000000000000000000000000000000000000000000000000000000000000000000000000004000000000000000000000000000000000000000000000200000200200002
GIVEWAYTO,TagImageView.git,build.gradle,0x0
onlyloveyd,LazyOrgView.git,build.gradle,0x0
xiprox,MarkView.git,build.gradle,0x0
cmazxiaoma,taobao.git,build.gradle,0x0
hitherejoe,Notifi.git,build.gradle,0x0
tomdz,storm-esper.git,pom.xml,0x3800000000400000000000000000000000000000000000000000000000000000000000000000000000000000000000000000000000000000000000000000000000000000000000000000000000400000000000000000000080000000000000000000000000000000000000000000000000000000000000000000000000000000000000000
poutsma,web-function-sample.git,pom.xml,0x7c000000000000000000000000000000000000000000000000000000000000000000000000000000000000000000000000000010000000000000000000000000000000000000000000000000000000000000000000000000000000000000000000000000000000000800000000000000000000000000000000000010004000100000000002
mimicmobile,okhttp-oauth2-client.git,build.gradle,0x0
leafseelight,ComplexTable-Master.git,build.gradle,0x0
hatemogi,netty-startup.git,unknown,0x0
xiancloud,xian.git,pom.xml,0x1800000000000000000000000000000000000000000000000000000000000000000000000000000000000000000000000000000000000000000000000000000000000000000000000000000000004000000000000000000000000000000000000000000000000000000100020000000000000000000000000000000080008100f0000200008
jsonfry,uk.co.jasonfry.android.tools.git,unknown,0x0
ralfgehrer,AndroidCameraUtil.git,build.gradle,0x0
zzzlw,autovideoplayer.git,build.gradle,0x0
techdev-solutions,trackr-backend.git,build.gradle,0x0
xpg,GizwitsBLE.git,unknown,0x0
AliAsadi,Android-MVVM-Architecture.git,build.gradle,0x0
shmilyah,spring-cloud-components.git,pom.xml,0x100000000000000000000000000000000000000000000000000004000000000000000000000000000000000000000000000000000000000000000000000000000000000000000000000000000000000000000000000000000000000000000000000000000c1200041e26428208100000420000000000000000000
Stratio,deep-spark.git,pom.xml,0x3fffe0000c008000000000080000000000000000000000000000000000002000000000000000000000000800000000000040000000000000000002000000000000010000000000000000000000000000400000000001000000000000000000000000002400000000200000000002000000000000000000000003000004000200010000080200012
chenjishi,SlideActivity.git,build.gradle,0x0
tosslife,PullLoadView.git,build.gradle,0x0
ruby-concurrency,thread_safe.git,unknown,0x0
milaptank,SpannableTextView.git,build.gradle,0x0
jonasbleyl,recurrence.git,build.gradle,0x0
threerings,playn.git,pom.xml,0x7fffffffc000000000000000000000000000000020004000000000000000000000000000000000000000000000000000000000000000000000000000000000000000000000000000000000000000000000000000000000000000000000000000000000000000000000000000000000000000000000000000000000000000000000000000000000000000003
lidong1665,AndroidPDF.git,build.gradle,0x0
segunfamisa,bottom-navigation-demo.git,build.gradle,0x0
fg2q1q3q,DropDownMenu.git,build.gradle,0x0
GcsSloop,Gank.git,build.gradle,0x0
NordicPlayground,Android-nRF-UART.git,build.gradle,0x0
software-mansion-labs,reanimated-2-playground.git,build.gradle,0x0
wotomas,droid-vizu.git,build.gradle,0x0
Pedroafa,avatar-android.git,build.gradle,0x0
chocotan,lolibox.git,pom.xml,0x7fff800000000000000000000000000010000002000000000000000000000000000000000000000000000000000000000000000000000000000000002000000000000000000000000400000000000000000010000000000000000600000000000000000000000000008000000000000000000000000000000000000004800608100004120020000000200000000
BeyondAR,beyondar.git,unknown,0x0
lzyzsd,LoadingLayout.git,build.gradle,0x0
JasonMortonNZ,bootstrap3-phpstorm-plugin.git,unknown,0x0
geminiwen,AndroidCubeDemo.git,build.gradle,0x0
gzsll,WebViewJavascriptBridge.git,build.gradle,0x0
617076674,LeetCode.git,unknown,0x0
yongjhih,RetroFacebook.git,build.gradle,0x0
aosp-mirror,platform_packages_apps_browser.git,unknown,0x0
spring-attic,spring-integration-java-dsl.git,build.gradle,0x0
androidthings,sample-simplepio.git,build.gradle,0x0
msahakyan,nested-recycler-view.git,build.gradle,0x0
edwardcapriolo,filecrush.git,pom.xml,0x18000000000000000000000000000000000000000000080000000000000000000000000000000000000000000000000000000000000000000000000000000000000000000100100000000000800000000000000000000000000000000000000000000000000000000000000040000004080000002000000000000000000000000000000040000010000010080212
RNCryptor,JNCryptor.git,pom.xml,0x280000002
LinkedInAttic,white-elephant.git,unknown,0x0
Udinic,ActivitySplitAnimation.git,unknown,0x0
l123456789jy,ijkplayer.git,build.gradle,0x0
houbb,word-checker.git,pom.xml,0x60000000000000000000000000000000000000000000000000000000000000000000000000000000000000000000000000000000000000000000000000000000000000000000000000000000000000000000000000000000000000000000000000000000000000000000000000000000000000000000000000000000000000000000000000000000000000000002
fr4nk1,retro-dagger-example.git,build.gradle,0x0
greysonp,permiso.git,build.gradle,0x0
XiqingLiu,CustomBehavior.git,build.gradle,0x0
zhonglinlin1305,spring-boot-sample.git,pom.xml,0x3f8000000000000000000000000000000000000000000000000000000000001000000000000000000000000000000000000000000000000000000024004000000000000000000000000308000000000c000000010000000000000000040000000000000000000000000000000000000000000000000001000000001000000000400500012120600000180000000002
fangyuzhong2016,HadoopIntellijPlugin.git,pom.xml,0xfc0000000000000000000000000000000000000800000000000000000000000000000000000000000000000000000000000000000000000000c0000000000000000000000000000000000000000000000000000000000000000000000000000000000000000000000000000000000000000000000000000000000000000000000000000000000000000000000000002
ssseasonnn,PracticalRecyclerView.git,build.gradle,0x0
pwittchen,InfiniteScroll.git,build.gradle,0x0
UglyTroLL,Douban-Java-SDK-OAuth2.git,pom.xml,0x400000000000000000000000000000000000000000000000000000000000000000000000000000000000000000000000000000000000000000000000000000000000000000000000000000000040000000000000000000000000000000000000000000000000000000000000000000000000002
paypal,resteasy-spring-boot.git,pom.xml,0x3ff00000000000000000000000000000000000000000000000000000000000000000000000000000000000000000000000000000000000000000000000000000000000002000000000000000000000000000000000000000000400200000000002000000000000000000000000000000000000000000000000000000000000000000009100002110000000000000000008
omaraflak,Bluetooth-Library.git,build.gradle,0x0
g00glen00b,ng-spring-boot.git,pom.xml,0x10000000000000000000000000000000000000000000400100000000000000000000000000
myabc,nbgit.git,unknown,0x0
saeedsh92,bottomnavigation.git,pom.xml,0x0
arissa34,Android-Multi-Bluetooth-Library.git,build.gradle,0x0
kingschan1204,jblog.git,pom.xml,0x7fffc00000000000000000000000000000000000000000040000000010100004000000000000000000000000000000000000000000000000000000000000000020080000000000000000001000011c0000000000000180000000300000000001000080000800000000010000000000000008000004080000000000000000000000000000000001002010600157f00cc0200602
doridori,Dynamo.git,build.gradle,0x0
zelandiya,maui.git,pom.xml,0x3800000000000000000000000000000000000000000000000000000000020000000000000000000000000000000000000000000000000000000000000000000000000000000000000000000000000000000000000000000000000000000000000000000000000000000000000000000000000000000080000002000000000000000000000000000000000000010000080000002
javaee,tyrus.git,pom.xml,0xfffffffffc000000000000000000000000000000000000000000000000000020000000000000000000000000000000000000000000000084000000000000000000000000000000000000000000000000000000000000002000000080000000000000000000000002000008000000000000000000000000000000002000004000000000000000000000000000002000000000000180000002
gabrielittner,auto-value-cursor.git,build.gradle,0x0
urunimi,android-netty.git,build.gradle,0x0
joshskeen,rxjava-koans.git,build.gradle,0x0
anitaa1990,PagingLibrary-Sample.git,build.gradle,0x0
chaokunyang,jkes.git,pom.xml,0x3fff000000000000008000000000000000000000000000040000010000000000008000000000000000000000000000000200000000000000000000000000000000000000000000200000000000000000000000000004000000000040008001000000000000000000400100000000000000000000000800000000000000000000000000000000000000000040030000012020400c300220000002
splicemachine,spliceengine.git,pom.xml,0x7fffffffffffffffffffffffffffffffffc000000000000000000000840000000000000030028010000000004000000020000000001000000000000000000000000000000000000000010000000004000000000004000000000000000000000000000000000000040000000000000000000000000000000000000200004000000000000002002600004000000408004004010000000000000000000000000000200000f810008680200612
chandrudotxyz,SeatBookingRecyclerView.git,build.gradle,0x0
cicadasmile,spring-boot-base.git,pom.xml,0x1800000000000000000000000000000000000100000000000000000000000000000000000000000000000000000000000000000000000000000000000000000000000000000000000000000000000000000000000000000000000000000000000000000000000000000000000000000000000000000000000000000000000000000000000000008000000000000000000000001000000005408000000408500000120220000000000000000
MOBIN-F,Thread.git,unknown,0x0
jacobrosenthal,react-native-ble.git,build.gradle,0x0
reachkrishnaraj,kafka-elasticsearch-standalone-consumer.git,pom.xml,0x2000000000000000000000000000000000000000000000000000000000000000000000000000000000000000000000000000000000000000000000000000000000002000000000000000000000000040000000000000004000000000000000000000000000000000000000000000000000000000000000000002000000000000000000000000000000000000000080000000100000000000000000000000000000000000880081000000012
shelwee,UpdateHelper.git,build.gradle,0x0
roomorama,AndroidCountryPicker.git,unknown,0x0
pahimar,LetsModReboot.git,build.gradle,0x0
myinnos,AwesomeImagePicker.git,build.gradle,0x0
tianshb,JavaLearning.git,pom.xml,0x2
dmarcotte,idea-handlebars.git,unknown,0x0
pinguo-zhouwei,RetrofitRxJavaDemo.git,build.gradle,0x0
ghnor,Flora.git,build.gradle,0x0
Thinkmill,reacteu-app.git,unknown,0x0
genius158,BSRGift.git,build.gradle,0x0
ScottCooper92,EdenYouTube.git,build.gradle,0x0
aramrami,OWASP-CSRFGuard.git,pom.xml,0x1fc000000000000000000000000000000000000000000000000000000000000000000000000000000000000000000000000000000000000000000000000000000000000000000000000000000000000000000000000000000000000000000000000000000000000038000000000000000000000000000000000040800000000000000000000000000000000000000002000000000000000000000000000000000000000000000000280000400
wobiancao,KeyBoardDemo.git,build.gradle,0x0
guobao90,XMDebug.git,build.gradle,0x0
BolexLiu,ReciteWords.git,unknown,0x0
izumin5210,Droidux.git,build.gradle,0x0
ground-context,ground.git,unknown,0x0
mappum,mercury.git,pom.xml,0x1e00000000000000000000000000000000000000000000000000000000000000000000000000000000000000000000000000000000000000000000000000000000000000000000000000000000000000000000000000000000000000000000000000000000000000000000000000000000000000000000000000000000000000000000000000000004000000000000000000002000000000000000000000000000000000000010000000200000
patloew,RxWear.git,build.gradle,0x0
callicoder,spring-webflux-reactive-rest-api-demo.git,pom.xml,0xe000000000000000000000000000000000000000000000000000000000000000000000000000020000000000000000000000000000000000000000000000000000000000000000000000000000000000000000000000000000000000000000000000000000000000000000000080000000000000000000000000000000000000000000000000000000000000000000000000000000000000000000000000000000000020000000000000000000
hryou0922,spring_cloud.git,pom.xml,0x700000000000000000000000000000000000000000000000000000000000000000000000000000000000000800000000000000000000000000000000000000000000000000000000000000000004000000000000000000000000000000000000000000000000000000000000000000000000000000000000000000000000000000000000000000000000000000000000000000000580000000010011b0a432085000001202200a0000000000000
wacai,spring-boot-starter-dubbo.git,pom.xml,0x80000000000000000000000000000000000000000000000000000000000000000000000000000000000000000000000000000000000000000000000000000000000000000000000000000000000000000000000000000000000000000000000000000000000000000000000000000000000000000000000000000000000000000000000000000000000000000000000000000000000000000000000000000000000000100000000000000000000
dianping,dianping-open-sdk.git,pom.xml,0x700000000000000000000000000000000000000000000000000000000000000000000000000000000000000000000000000000000000000000000000000000000000000000000000000000000000000000000000000000000000000000000000000000000000100000000000000000000000000000100000000001040000000000000000000000000000000000000000002000000000000000000000000000000000000000001890000400000202
AdilSoomro,Raised-Center-Tab-in-Android.git,build.gradle,0x0
prcaen,external-resources.git,build.gradle,0x0
TalkingData,Myna.git,build.gradle,0x0
Larphoid,android-Overscroll-ListView.git,unknown,0x0
nanchen2251,CheerBanner.git,build.gradle,0x0
pmlopes,yoke.git,pom.xml,0x1fff800000000000000000000000000000000000000000000000000000000000000000000000000000000000000000000000000000000000000000000000000000000000000000000000000000000000000000000000000000000000000000000000001000000000000000000000000000000000000000000000000080010000000000000000040000000000000000000000000000000000000000000000000000000000000000000000000000000000
popcorn-official,popcorn-android-legacy.git,build.gradle,0x0
SteveyO,Hue-Emulator.git,unknown,0x0
eyeem,router.git,build.gradle,0x0
aerogear-attic,aerogear-otp-java.git,pom.xml,0x200000000000000000000000000000000000000000000000000000000000000000000000000000000000000000000000000000000000000000000000000000000000000000000000000000000000000000000000000000000000000000000000000000000000000000000000000000000000000000000000000000000000000000000000000000000000000000000000000000000000000000000000000000000000000000000000000000000000000a
WindySha,XSkinLoader.git,build.gradle,0x0
alejolp,grounded.git,unknown,0x0
aohanyao,CommodityAttr.git,build.gradle,0x0
gsitgithub,SubMicroTrading.git,unknown,0x0
CSnowStack,BehaviorDemo.git,build.gradle,0x0
SureCase,GreenDaoForAndroidStudio.git,build.gradle,0x0
Cutta,MaterialTransitionAnimation.git,build.gradle,0x0
weexteam,android-devtools-for-Apache-Weex.git,build.gradle,0x0
Frank-Zhu,AppCodeArchitecture.git,build.gradle,0x0
Rance935,SectorMenu.git,build.gradle,0x0
itmuch,spring-cloud-dubbo-together.git,pom.xml,0x1c000000000000000000000000000000000000000000000000000000000000000000400000000000000000000000000000000000000000000000000000000000010000000000000000000000000000000000000000000000000000000000000000000000000000000000000000000000000000000000000000000000000000000000000000000000000000000000000000000000000000000000000000000100901608100004500000000000000000000
wuyr,PathView.git,build.gradle,0x0
lsfire,redisframework.git,pom.xml,0x10000000000000000000020000000000000002
xjtushilei,ScriptSpider.git,pom.xml,0x20000000000000000000000000000000000000000000000000000000000000000000000000000000000000000000000000000000000000000000000000000000000000000000000000000000000000000000000000000000000000000000008000000000000000000000000000000000000000000000000000000000000002000000000000000000000000000000000000000000000000000000000000010000000000000000000000290000080000400
ysc,HtmlExtractor.git,pom.xml,0xc00000000000000000000000000000000000000000000000040000000000000000000000000000000000000000000000000000000000000000000000000000000000000000000000000000000000000000000000000000000000000000000080000000000000000001000000000000000000000000000000000000000000000000000000000000000000000000000000000000000000000000000000000100000000000000000002008b0000000000202
jenly1314,FlutteringLayout.git,build.gradle,0x0
Protocoder,Protocoder.git,build.gradle,0x0
PhilippKrone,react-native-fileupload.git,build.gradle,0x0
madisp,pretty.git,build.gradle,0x0
easilycoder,EasyBridge.git,build.gradle,0x0
mariotaku,RefreshNow.git,unknown,0x0
warmbreeze,sharded-jedis-sentinel-pool.git,pom.xml,0x100000000000000000000000000000000000000000000000000000000000000200000000000000000010000000000000000000000000300000000002
neopixl,PixlUI.git,build.gradle,0x0
huangweicai,OkLibDemo.git,build.gradle,0x0
hope-for,hope-cloud.git,pom.xml,0x1080000c24000228100000020000000000000000000
freewebsys,java-large-file-uploader-demo.git,pom.xml,0x700000000000000000000000000000000000000000000000000000000000000000000000000000000000000000000000000000000000000000000000000000000000000000000000000000000000000000000000000000000000000000000000000000000000000004100000000000000000000000000000000000000000000000000000000000000000000000000000000000000080002000000000000000000000000000002010000100908080200602
jiangchao123,spring-cloud-security-oauth2-jwt.git,pom.xml,0x800000000000000000000000000000000000000000000000000000000000000000000000000000000000000000000040000000000000000000000000000000000000000000000000000000000000000000000000000000000000000000000000000000000000000000000000000000000000000000000000000000000000000000000000000000000000000000000000000000000000000000000000000000000000a00000000000000000000000000000
slidenerd,Android-Design-Support-Library-Demo.git,build.gradle,0x0
Tangpj,Android-advanced-blueprint.git,build.gradle,0x0
adrianbk,swagger-springmvc-demo.git,build.gradle,0x0
yesidlazaro,GmailBackground.git,build.gradle,0x0
serpro,Android-PHP-Encrypt-Decrypt.git,unknown,0x0
elodina,dropwizard-kafka-http.git,pom.xml,0x2000000000000000000000000000000000000000000000000000000000000000000000000000000000000000000000000000000000000000000000000000000000000000000000000000000000000000000000000000000000000000000000000000000000000000000000000000000000000000000000000000000000000000000000000000000000000001000000000000000000000000000000000000000000000000000000000000000
didikee,AndroidDonate.git,build.gradle,0x0
lijiankun24,ArchitecturePractice.git,build.gradle,0x0
spring-attic,spring-cloud-cluster.git,pom.xml,0x7f000000000000000000000000000000000000000000000000000000000000000000000000000000000000000000000000000003000000000000000000000000000000000000000000000000000000000000000000000000000000002000000000004000000000000000000000000000000000000000010000000000000000000000000000000000000000000000000000000000000000000000000000000008000000000000000128000004040000000000
loserdog-err,PlayTogether.git,build.gradle,0x0
nanchen2251,RetrofitRxUtil.git,build.gradle,0x0
canyinghao,CanEffect.git,build.gradle,0x0
Rogero0o,MissView.git,build.gradle,0x0
NXT,LEGO-MINDSTORMS-MINDdroid.git,build.gradle,0x0
xiaoxiangyeyu123,Eventbus.git,build.gradle,0x0
969025903,ChopperBot.git,pom.xml,0x7fffffffff800000000000000000000000000000000000000000000000000040000000002000000000000000000002000000000000000000000000020000000000000000000000000000000000000000000000000000000200000000000000000000000000080000000000000000000000000000000000004000804000000000000000000020000000000000000100000000000000000000000000000000010000000000000000000005000000202246000000a0200402
NoRulesJustFeels,Fling.git,pom.xml,0x800000000000000000000000000000000000000000000000000000000000000000000000000000000000000000000200000000000000000000000000000080000000000000000000000000000000000000000000000000000000800000000000000000000000000000000000000000000000000000000000000000000000000000000000000000000000000000000000000000000000000004000000000000000000000000000000000000000000000600000000000000
nyholku,purejavacomm.git,pom.xml,0x80000000000000000000000000000000000000000000000000000000000000000000000000000000000000000000000000000000000000000000000000000000000000000000000000000000000000000000000000000000000000000000000000000000000000000000000000000000000000000000000000
TimefoldAI,timefold-solver.git,pom.xml,0x1ffffffffffffffffffff00440000000000000000000c00000000000000000000000000000000000000000000000000000000020000000000000000000000000000000000000000000000000000000000000000000000000000000000000000000000000000000000000000000000000200000000000000000000000000000000000410000001000000000020000060280000000000000800000000000000000800000000000000000000000000000000000000000000001200e0b0900280400008
thekrakken,java-grok.git,build.gradle,0x0
SerCeMan,jnr-fuse.git,build.gradle,0x0
llSourcell,A_Guide_to_Running_Tensorflow_Models_on_Android.git,build.gradle,0x0
erdemcer,kafka-connect-oracle.git,pom.xml,0x200000000000000000000000000000000000000000000000000000000000000000000000000000000200000000000000000000000000000000000000000000000000000000000000000000000000000000000000000000000000000000000000000000000000000000000000000000000000000000000000000000000000000000000000000000000000000000000000000000000000000000000000000000000000000000000000000000000000000000000000000000000000000000000000002
ustwo,clockwise.git,build.gradle,0x0
Ilhasoft,data-binding-validator.git,build.gradle,0x0
EddieRingle,android-undergarment.git,unknown,0x0
yudiandemingzi,spring-boot-sharding-sphere.git,pom.xml,0xc00000000000000000000000000000000000000000000000000000000000000000000000000000000000000000000000000000000000000000000000000000000000000000000000000000000000000000000000000000000000000000000000000000000000000000000000000000000000000000000000000000000000000000000000000000000000000000000000000000000000000000000000000000000000000000000000001000000004000000000000100000000200000000020000000
lewismcgeary,AndroidtoAppleVectorLogo.git,build.gradle,0x0
coyarzun89,FabTransitionActivity.git,build.gradle,0x0
SenhLinsh,Utils-Everywhere.git,build.gradle,0x0
denimgroup,threadfix.git,pom.xml,0xfffffffffffff0000000000000400000000040000000000000000000000000000000000000000000000000000000000040000000000000000000000000000000000000000200000000000200000400000000000024000000000000000000000000000800000000000000000000000000000000000420082180000000000001001000052c00000000000041800000000000000000011c00800000010000000000000200100000c000000488009000200000000000000000000000000000201020ef17f08ec0000612
hymanme,MaterialHome.git,build.gradle,0x0
je-ge,spring-boot.git,pom.xml,0xf0000000000000000000000000000000000000000000000000000000000800000000000000000000000000000000000000000000000000000000000000000000000000000000000000000008000000000000000000000000000000000000000000000000000000000000000000000000000000000200008000000000000000000000000000000000008000000000000000000000000840080000000000000000000000000000000000000000000000001000002001800000000400300016021800200000400000000
krazykira,VidEffects.git,build.gradle,0x0
HMS-Core,hms-ml-demo.git,build.gradle,0x0
jenkinsci,plugin-installation-manager-tool.git,pom.xml,0x7f00000000000000000000000000000000000000000000000000000000004000000000000000000000000000000000040000000000000000000000000000000000000000000000000000000000000000000000000000000000000400000000000000000080000000000000000000000000000000000000000000000000000000000000000000000002000000080000000000000000010000000000000040000000000000000000000000000000000000000000000000000000000000000000002010200000680000008
greenfrvr,hashtag-view.git,build.gradle,0x0
graphaware,neo4j-nlp.git,pom.xml,0x3ff800000000000000000800000000004000000000000000000000000000000000000000000000000000000000000000000000000000000000000000000000000000000100000000000800000000800000000000000000000000000000000000000000000000000000008000000000000000000000000000000000000000000000000000000000000000000040000000000000000000000000000000000000000000000000000400000040000000000000000000000000000000000000000000004000a410000280600002
antonkrasov,AndroidProgressLayout.git,build.gradle,0x0
cuzz1,springboot-learning.git,pom.xml,0xc000000000000000000000000000000000000000000000000000000000000000800000000000000000000000000000000000800000000000000000000000000000000000000000000000000000000000000000000000000000000020000000000000000000000000000000000000000000000000000000000040000000000000000000000000000000000000000000010000000000000008200000000000000000000000000008000000000000080000000001000002001808c04001600100010020600001000020000000
FongMi,CatVodSpider.git,build.gradle,0x0
LGH1996,AccessibilityTool.git,build.gradle,0x0
se-bastiaan,TorrentStream-Android.git,build.gradle,0x0
medcl,elasticsearch-analysis-stconvert.git,pom.xml,0x2000000000000000000000000000000000000000000000000000000000000000000000000000000000000000000000000000400000000000000000000000000000000000000000000000000001000000000000000000000000000000000000040000000000010000000
baichengzhou,SpringMVC-Mybatis-shiro.git,pom.xml,0x7f00000000000000000000000000000000000000000000000000000000002000000000000000000000000000000000000000000000000000000000000000000000000000000000000000000000000000000000000000000004000000000000000000000000000000000000000000000000000000000000000030000000000000000000001010000000000000200031000600800000000000010400000000000000000000000000000000080000040802000020000040000000100000000000000000106ee903700480000202
mauricioaniche,ck.git,pom.xml,0x800000000000000800000000000000000200000000000000000000000000000004000000000000000000000000000000000000000000000000000000000000000000000000000000020000000000000000000000000000000000000000000000000000000000000000000000000000000000000000000000000000000000000000000000000000000800000000480000000000000000000000000000000000000000000000000000000000000000000000002000000000000000000000000000000002000000000280200000
Sayi,swagger-dubbo.git,pom.xml,0x3f00000000000000000000000000000000000000000000000000000000000000000000000000000000000000000000000000000000000000000000000000000000000000000000000000000000000000000000000000000000000000003000000000000000000000000000000000000000000000000000000000000000000000000000000000000000000000000040000000000000000000000000200000000000000000000000000000000000000000000000000000000000000000000000010000203002e0810b0000000002
controlwear,virtual-joystick-android.git,build.gradle,0x0
jsorrell,CarpetSkyAdditions.git,unknown,0x0
f4b6a3,tsid-creator.git,pom.xml,0x1c0000000000000000000000000000000000000000000000000000000000000000000000000000000000000000000000000000000000000000000000000000000000000000000000000000000000000000000000000000000000000000000000000000000000000000000000000000000000000000000000000000000000000000000000000000000000800000000000000000000000000000000000000000000000000000000000000000000000000000000000000000000000000000000000000000000000000000000000002
markzhai,LyricHere.git,build.gradle,0x0
angelozerr,angularjs-eclipse.git,pom.xml,0x600000000000000000000000000000000000000000000000000000000000000000000000000000000000000000000000000000000000000000004000000000000000000000000000000000000000000000000000000000000000000000000000000000000000000000000000000000000000000000000000000000000000000000000000000000000000000000000000000000000000000000000000000000000000000000000000000000000000000000000000000000000000000000000000000000000000000000000000000
fenixsoft,microservice_arch_springcloud.git,pom.xml,0x3ff8000000000000000000000000000000000000000000000000000000000000000000008000000000000000000000000000000000000000000000000000000000000000000000000000000000c0000000000000000000000000000000000000000000000000000000000000000000000000000000000000000000000000000000000000000000000000000000000000000000000000000000000000000000000000000000000000000010000000000000000000000000000000000040e20010e08000008020200000000000000000
amazon-archives,amazon-kinesis-connectors.git,pom.xml,0x3c00000000000000000000000000000000000000000000000000000000000100000000000000000000000000000000000000000000000000000000000000000000000000000000000000000000000000000000000000000000010000000000000000000000002000000000000000000000000000000000000000000000000000000000000000100000000000000000000000010000000000000000000001000000080000000000000000020000000000000000000000000000000000000000000000000000000006000000000000012
JetBrains,pty4j.git,build.gradle,0x0
awslabs,route53-infima.git,pom.xml,0x10000000000000000000000000000000000000000000000000000000000000000000000000000000000000000000000000000000000000000000000002
rundeck-plugins,ansible-plugin.git,build.gradle,0x0
Hengle,DeepNewdsForAndroid.git,unknown,0x0
jahirfiquitiva,FABsMenu.git,build.gradle,0x0
hitherejoe,Constraints.git,build.gradle,0x0
codepath,android-rest-client-template.git,build.gradle,0x0
vassalengine,vassal.git,pom.xml,0xffffc000000000000b00000000000000040000000000200000000000000000000000000000014000000000000000000000000000000000040000000000000000000000000000000000000000000000000000000000000000000000000000000000000400000000000000000000000000000000000000000000000000000000008000000000000000000000000000000002000000000000000000000000000000800000000200000000000000000000000000000000000000000000000000000000000000000000000000090001680400000
ChyengJason,ShoppingCart.git,build.gradle,0x0
north2016,PianoView.git,unknown,0x0
CryptoMorin,XSeries.git,pom.xml,0x300000000000000000000000000000000000000000000000000000000000000000000000000000000000000000000000000000000000000000000000000000000000000000000000000000000000000000000000000000000000000000000000000000000000000000000000000000000000000000000000000000000000000000000000000000000000000000000000000000000000000000000000000000000000000000000000000000000000000000000000000000000000000000000000000000000000000000000000000000000000
wingjay,WJMagicCurveView.git,build.gradle,0x0
vladexologija,PinterestListView.git,unknown,0x0
LjyYano,LeetCode.git,pom.xml,0x0
UniversaBlockchain,universa.git,build.gradle,0x0
Netflix,aegisthus.git,build.gradle,0x0
apache,httpcomponents-core.git,pom.xml,0x1fe00000000000000000000000000000000000000000000000000000000000000000000000000000000000000000000000000000000000000040000000000000000000000000000000000000000008000000000000000000080000000000000000000000000000000000000000000000000000000000000000000000000000000000000000000000000000000000000000000000000000000000000000000000000000000000200000000000000000008040000000000800000000000000000000000000000000000000000010000000000008
JinBinPeng,springboot-jwt.git,pom.xml,0x20000000000000000000000000000000000000000000000000000000000000000000000000000000000000000000000000000000000000000000000000000000000000000000000000000000000000000000000000000000000000000000000000000000000000000000000000000000000000000000000000000000000000000000000000000000000000000000000000000000000000000000000000000000000000000000000000000000000000000000000000000000000001000000010000000000000100000020220000000020000000
sdaschner,jaxrs-analyzer.git,pom.xml,0x4000000000000000100000000000000000000000000000000000000000000000000004000000000000000000000000000000000000000000000000000000000000000000000000000000000000000000000000000000000000002000000000000000000000000000000000000000000000000000000000000000000000000000000000000000000000000000000000000000000000000000000080000000000000000000000000000000000000000000000000000000000000000000000000000000000000000000000000800000000040000a
zer0Black,zer0MQTTServer.git,unknown,0x0
NatashaTheRobot,Stanford-CS-106A.git,unknown,0x0
dodyg,AndroidRivers.git,pom.xml,0x180000000000000000000000000000000000000000000000000000000000000000000000000000000000000000000000000000000000000000000000000000000000000000000000000000000000000000000000008000000000000000000000000000000000000000000000000000000000000000000000000000000000000000000000000000000000000000000000000000000000080000000000000000000000000000000000000000000000000000000000000000000000000000000000000000000000000000000000000000000020003
johnkil,SideNavigation.git,unknown,0x0
sanshengshui,multiTenant.git,pom.xml,0x1000000000000000000000000000000000000000000000000000000000000000000000000000000000000000000000000000000000000000000000000000000000000000000000000000000000000000000000000000000000000000000000000000000000000000000000000000000000000000000000000000000000000000000000000000000000000000000000000000001000000001008000000000300000020200000000020000000
brucetoo,ImageBrowse.git,build.gradle,0x0
apache,derby.git,pom.xml,0xfe00000000000000000000000000000000000000000000000000000000000000000000000000000000000000000000000000000000000000000000000000000000000000000000000000000000000000000000000000000000000000000000000000000000000000000000000000000000000000000000000000000000000000000000000000000000000000000000000000000000004000001880000000000000000000000000000004000000000000000000000004000000000000000000000000000000000000000000000000000000000000
kgmyshin,eventbus-intellij-plugin.git,unknown,0x0
alphazero,jredis.git,pom.xml,0x1f0000000000000000000000000000000000000000000000000000000000000000000000000000000000000000000000000000000000000000000000000000000000000000000000000000000000000000000000000000000000000000000000000000000000000000000000000000000000000000000000000000000000000000000000000000000000000000000000000000000000000000000000000400000000000000000000000000000000000000000000000004080000000000000000000000000000000000000000000000000000000000
MoshDev,AndroidIndicators.git,build.gradle,0x0
yesnault,PlayStartApp.git,unknown,0x0
davidkiss,spring-boot-quartz-demo.git,pom.xml,0x400000000000200000000000000000000000000000000000000000000000000000000001000000000000100004020000000400800000000
slidenerd,materialtest.git,build.gradle,0x0
LiveTyping,u2020-mvp.git,build.gradle,0x0
michelelacorte,ElasticProgressBar.git,build.gradle,0x0
michaelprimez,searchablespinner.git,build.gradle,0x0
promeG,XLog.git,build.gradle,0x0
easemob,sdkdemoapp3.0_android.git,build.gradle,0x0
WanAndroid,LiveWallPaper.git,build.gradle,0x0
lukstei,trading-backtest.git,build.gradle,0x0
geminiwen,SkinSprite.git,build.gradle,0x0
matthewrkula,AnimatedPathView.git,unknown,0x0
modernmt,modernmt.git,pom.xml,0x1fffe000000000000000000000400000000000000000000000000000000000000000002000000000000000000000000000000000000000000000000000000000000000000010000000000000000000000000800080000000000000000000000000100000000000000000000000000000000000000000000000000000000000000000000000000040000000000000000000000000000000014000080000000000000000000000000000080000000000000000000000c0000000000800000000000000000000000000000000002000200000000280200402
openjdk,nashorn.git,unknown,0x0
iSECPartners,android-ssl-bypass.git,unknown,0x0
a805748009,hxy-socket.git,pom.xml,0x800000000000000000000000000000000000000000100000000000000000000000000000000200000000000000000000000000000000000000000000000000000000000000000000000000000000000000000000000000000000000000000000000160200000000000000000000000000000000000000000000000000000000000000000000000000002000000000000000800000000000000000000000000000100000000000000000000000000
ongakuer,ViewPagerHeaderScrollDemo.git,build.gradle,0x0
react-native-component,react-native-smart-barcode.git,build.gradle,0x0
kmshack,Android-TopScrollHelper.git,build.gradle,0x0
dreamlivemeng,UpMarqueeTextView-master.git,build.gradle,0x0
yuweiguocn,SquareLoading.git,build.gradle,0x0
VazkiiMods,Psi.git,build.gradle,0x0
WangGanxin,LoadDataLayout.git,build.gradle,0x0
ZHENFENG13,My-Blog-layui.git,pom.xml,0x1e000000000000000000000000000000000000000000000000000000000000000000000140000000000000000000000000000000000000000000000000000000000000000000000000000000000000000000000000000000000000000000000000000000000000000000000000000000000000000000000000000000000000000000000000000000000000000000000000000000000000000000000000000000000000000000000000000000008000000000008000000000080000000000000000000004000000000000100000020200000000020000000
libaibaia,cloudSec.git,pom.xml,0x7ffffe0000000000000000000000000000000000000000000000000000000000000000000040240000000000000000000000000000000000000000000000000000000000000000000000000004000000000000000000000000000000000006000000000000000000000000000000000000000000000000000000000000000000000000000000000000000000000000000000000000000000000000000000408000000000000000000000000080000000000000000000000000000000000000000000000000000000000000000500000020080000000020000000
shanbay,mock-api.git,build.gradle,0x0
youtongluan,sumk.git,pom.xml,0x400000000000000000000000000000000000000000000000000000000000000002000000000000000000000000000000000000000000000000000000000000000000000000000000000000000010000002808000000000000000000000000000000000000000000000000000000000000000000000000000000000010000000000000000000280070080000400402
nmoskalenko,RxFirebase.git,build.gradle,0x0
Hakky54,log-captor.git,pom.xml,0x3800000000000000000000000000000000000000000000000000000000000008000000000000000000000000000000c0000000000000000000000000000000000000000000000000000000000000000000000000000000000000000000000000000000000000000000000000000000000000000000000000000000000000000000000000000000000000000000000000000000000000000000000000000000000000000000000000048000000000000000000000000000000000000000000000000000000000000000000000000000000020000d0000020000000
tinode,tindroid.git,build.gradle,0x0
rjsvieira,floatingMenu.git,build.gradle,0x0
davidmc24,gradle-avro-plugin.git,build.gradle,0x0
xuningjack,datepickerdialog.git,unknown,0x0
loonggg,WeekCalendar.git,build.gradle,0x0
os72,protoc-jar.git,pom.xml,0x2
rubensousa,BottomSheetExample.git,build.gradle,0x0
wuseal,TextWithImageDrawable.git,build.gradle,0x0
techyourchance,unit-testing-in-android-course.git,build.gradle,0x0
nispok,slidingtabs.git,build.gradle,0x0
cyforever123,weex-hongkong.git,build.gradle,0x0
yesidlazaro,DateRangePicker.git,build.gradle,0x0
xuningjack,CustomImageView.git,build.gradle,0x0
habzy,GridImagePicker.git,unknown,0x0
robinxdroid,Blur.git,build.gradle,0x0
krtkush,LinearTimer.git,build.gradle,0x0
MurasakiSeiFu,princess-sys.git,build.gradle,0x0
ithedan,TextViewDrawable.git,build.gradle,0x0
emmano,BlurStickyHeaderListView.git,build.gradle,0x0
mzmine,mzmine2.git,build.gradle,0x0
lusfold,AndroidKeyValueStore.git,build.gradle,0x0
liyanzhao,Trainer.git,build.gradle,0x0
aosp-mirror,platform_packages_apps_alarmclock.git,unknown,0x0
listenzz,RxCommand.git,build.gradle,0x0
qdxxxx,IndexBarLayout.git,build.gradle,0x0
hencoder,PlusDemo.git,build.gradle,0x0
ashishbhandari,AndroidTabbedDialog.git,build.gradle,0x0
benwilcock,android-alltest-gradle-sample.git,build.gradle,0x0
taksan,skype-java-api.git,pom.xml,0x202
thedeveloperworldisyours,FullRecyclerView.git,build.gradle,0x0
Jichensheng,BaiduWave.git,build.gradle,0x0
BoltsFramework,Bolts-Java.git,build.gradle,0x0
pakoito,RxSealedUnions.git,build.gradle,0x0
siegfang,word2vec.git,unknown,0x0
surahul,Bounce.git,build.gradle,0x0
StrongJoshua,libgdx-inGameConsole.git,build.gradle,0x0
codefollower,Cassandra-Research.git,unknown,0x0
MagicMashRoom,SuperShadow.git,build.gradle,0x0
SWIMProjectUCB,SWIM.git,unknown,0x0
imalexyang,authManager.git,pom.xml,0x1c00000000000000000000000000000000000000000000000000000000000000000000000000000000000000000000000000000000000000000000000000000000000000000000000000000000000000000000000000000000000000000000000000000000000000000000300000000000000000000000000000000000000000000000000040000030000000000000000000008010080400000000000000000e00000000000000000400000000000000000000000000000000000000000000000020000000000000100000000000010000102c0807f80000000202
xuningjack,trackballs.git,unknown,0x0
li-xiaojun,XRefreshLayout.git,build.gradle,0x0
seashell752,GestureLock.git,unknown,0x0
DannyHoo,desensitized.git,pom.xml,0x8000000000000000000000000000000000000002e000000240000402
ververica,flink-jdbc-driver.git,pom.xml,0xfe00000000000000000000000000000000000000000000000000000000000000000000000000000000000000000000000000000000000000000000000000000000000000000000000000000000000000000000000000000000000000000000000000000000000000000000000000000000000000000000000000000000000000000000000000000000000000000000000000000000000000000002001000000000000000000000000000000000000000000000000000000000000000000000000000000000000000000000000000000000000000000000000000000
xuningjack,name_indexbar.git,unknown,0x0
huijimuhe,monolog-android.git,build.gradle,0x0
edanel,GBSlideBar.git,build.gradle,0x0
dengshiwei,SogoLoading.git,build.gradle,0x0
aesteve,vertx-feeds.git,unknown,0x0
Cocos-BCX,AndroidWallet.git,build.gradle,0x0
yrom,shrinker.git,build.gradle,0x0
ponnamkarthik,FlutterYoutube.git,build.gradle,0x0
nicholas22,jpropel-light.git,unknown,0x0
bitsofproof,supernode.git,pom.xml,0x30000000000000000000000000000000000000000000000000000000000000000000000000000000000000000000000000000000000000000000000000000000000000000000000000000000000000000000000000000000000000000000000000000000000000000000000000000000000000000000000000000000000000000000000000000000000000000000000000000000000000000000000000000080000000000000000000000000000000000000000000000004000000000000000000002000000000000000000000000000000000000010000000000002
mysticfall,pivot4j.git,pom.xml,0x1fffffffffffc0000000000004004000000000000000000000000000040000000000000000000040000000004002400000180000000000100000000000000000000000000000000000004000000000000000000000000000000000000000000000000040020000000000000000000000000000000000000000000000000000000000000000000000000000000000000000000000000000000000000000020000000000000000000000000000000001040000000000000000000000000000008088000200803a00000000000000000000000000000000000000000410000000000202
achimala,leaguelib.git,unknown,0x0
xinthink,xinkvpn.git,build.gradle,0x0
KellenHu,Amap-Move-Example.git,unknown,0x0
xuningjack,CustomToast.git,unknown,0x0
jenkinsci,subversion-plugin.git,pom.xml,0xfffe0000000000000000000000000000000000000000000000000000000010000000000000000000000000000000000000000000000000000000000000000000000000000000000000000000000000000000000000000000000000000000000000000000000000000000000000000000000000000000000000000000000000000000000000000000000000000000000000000000000000000000000000000000000000000000000000000000000000000000000000000000000000000000000000000000000000000000000000000000000000000000000000000000000000000000008
mvogiatzis,first-stories-twitter.git,pom.xml,0x100000000000000000000000000000000000000000000000000000000000000000000000000000000000000000000000000000000000000000000000000000000000000000000000000000000000000000000000000000000000000000000003800000000000000000000000000000000000000000000000000000000000000000000000000000000000000000000000000000000000000000000000000000000000000000000000000000000000000000000000000000000000000000000000000000000000000000000000000000000000000000000000000000002000000000000002
psinetron,slycalendarview.git,build.gradle,0x0
sujaybhowmick,OpenAlprDroidApp.git,build.gradle,0x0
vngx,vngx-jsch.git,pom.xml,0x200000000000000000000000000000000000000000000000000000000000000000000000000000000000000000000000000000000000000000000000000000000000000000000000000000000000000000000000000000000000000000000000000000000000000000000000000000000000000000000000000000000000000000000000000000000000000000000000000000000000000000000000000000000000000000000000000000000000000000000000000000000000000000000000000000000000000000000000000000000000000000000000000000000000000000000002
atduskgreg,Making-Things-See-Examples.git,unknown,0x0
huiGod,netty_lecture.git,build.gradle,0x0
simonsjy,block-chain-demo.git,pom.xml,0x400
Rogero0o,DrawingAnimate.git,build.gradle,0x0
109021017,GridViewPager.git,unknown,0x0
FutureProcessing,AndroidEspressoIdlingResourcePlayground.git,build.gradle,0x0
dadepo,exploringCQRSwithAxon.git,pom.xml,0x1c00000000000000000000000000000000000000000000000000000000000000000000000000000000000000000000000000000000000000000000000000000000000000000000000000000000000000000000000000000000000000000000000000000000000000000000000000000000000000000000000000000000000000000000000000000000000000000000000000000000000000000000000000000000000000008000000000000000000000000400000000000000000000000000000000000000000000000000000000000001000000000000100004020000000000000000000
tekdemo,MiniPID-Java.git,unknown,0x0
venshine,AndroidCommon.git,build.gradle,0x0
klinker-apps,Android-Blur-Launcher.git,build.gradle,0x0
xiaoyaoyou1212,ViseLog.git,build.gradle,0x0
dbof10,FBReaction.git,build.gradle,0x0
liangyanghe,letv-payorder.git,pom.xml,0x2000000000000000000000000000000000000000000000000000000000000000000000000000000000000000000000000000000000000000000000000000000000000000000000000000000000000000000000000000000000000000000000000000000000000000000000000000000000000000000000000000000000000000000000000000000000000000000000000080000000000000000000000000000000000000000000000000000000000000000000000000000000000000000000000000000000000002000000000000000000000000000000800000000200001000000000000
dkmeteor,Sinking-View.git,unknown,0x0
psaravan,FlexiImageView.git,build.gradle,0x0
cuub,sugared-list-animations.git,unknown,0x0
xuningjack,GuideView.git,unknown,0x0
kboyarshinov,realm-rxjava-example.git,build.gradle,0x0
nimengbo,ListViewWithSofPpanel.git,build.gradle,0x0
eshioji,trident-tutorial.git,pom.xml,0x4000000000000000000000000000000000000000000000000000000000000000000000000000000000000000000000000000000000000000000000000000000000000000000000000000000000000000000000000000000000000000000000003000000000200000000000000000000000000000000000000000002000000000000000000000000000000000000000040000000004000000000000000000000000000000000000000000000000000000000000000000000000000000000000000400000000000000000000000000000000000000000000000000000006000000000200010
yingLanNull,ImageLoadingView.git,build.gradle,0x0
wanwujiedao,spring-boot-starter-canal.git,pom.xml,0x18000000000000000000000000000000000000000000000000000000000000000000000000000000000000000000000000000000000000000000000000000000000000000000000000000000000000000000000000000000000000000000000000000000000000000000000000000000000000000000000000000000000000000000000000000000000000000000000000000000000000000000000000000000000000000000000000010000000000000000000000000000000000000000000000000000000000000000000001000000000000000000000100000120200000000000000000
woxingxiao,FillBlankView.git,build.gradle,0x0
broakenmedia,CharCountTextView.git,build.gradle,0x0
qq273681448,Mindmap.git,build.gradle,0x0
stkent,bugshaker-android.git,build.gradle,0x0
shuvigoss,dubbox-demos.git,pom.xml,0x30000000000000000000000000000000000000000000000000000000000000000000000000000000000000000000000000000000000000000000000000000000000000000000000000000000000000000000000000000000000000000000000000000000000000000000180000000002
hehonghui,the-tech-frontier-app.git,unknown,0x0
CysionLiu,SelfAdjointView.git,build.gradle,0x0
CarGuo,linkagescroll.git,build.gradle,0x0
dmallcott,ProgressFloatingActionButton.git,build.gradle,0x0
xiaoxiangyeyu123,HeavenlyUpdate.git,build.gradle,0x0
gwt-test-utils,gwt-test-utils.git,pom.xml,0x1fe000000000000000000000000000000000004000000000000000000000000000000000000000000000000000000000000000000000000020000000000000000000000000000000000000000000000000000000000000000000000000000000000000000000000000000000000002000600000000000000000000000000000000000000000000000000000000000000000000000000000000000000010000000000000000000000008000006000000000000000400000000040000000000002000000000000000100001000000000000000000000000000000000001200101010000028000a
TellH,AutoGo.git,build.gradle,0x0
sbastn,com.happyprog.tdgotchi.git,unknown,0x0
zpng,spring-cloud-7simple.git,pom.xml,0xe0000000000000000000000000000000000000000000000000000000000000000000000000000000000000000000000000000000000000000000000000000000000000000000000000000000000000000000000000000000800000000000000000000000000000000000000000000000000000000000000000000000000000000000000000000000000000000000000000000000000000000000000000000000000000000000000000000000000000000000000000000000000000000000000000000400000000000000000000280000000000001a04512381000080202c0002080200000000
algorithm001,algorithm.git,unknown,0x0
happyKen,commonUtil.git,build.gradle,0x0
Mastering-Spring-MVC-4,mastering-spring-mvc4.git,build.gradle,0x0
Xiasm,LoginArchitecture.git,build.gradle,0x0
v1210012100,Gank.IO2.git,build.gradle,0x0
cosmin,IClojure.git,pom.xml,0x70000000000000000000000000000000000000000000000000000000000000000000000000000000000000000000000000000000000000000000000000000000000000000000000000000000000000400000000000000000000000000000000000000000000000000000000000000000000000000000000000000000000000000000000000000000000000000000000000080000000000000000000000000000000000000000000000000000000000000000000000000000000000000000000000000000000000000080000000000000000000000000000000000000000000000000000000002
pavlospt,FoodSearch.git,build.gradle,0x0
Scout24,yum-repo-server.git,pom.xml,0x7f800000000000000000000000080000000000000000000000000000000000000000000004000000000000000000000000000002000000000000000000000000000000000000000000000000000000000000000000000000000000000000000000200000000000008000000000000800000000000000000000000000000000000000000000001000000000000000000080000002020000100000000000000008000108000000000000020000000000000000000011c000000000008000000000000000000000000000400008000200000000000000000000000010001005000620580848020020a
VictorAlbertos,RxFcm.git,build.gradle,0x0
saiyedzaidi,spring-cache-self-refresh.git,pom.xml,0x80000000000000000000000000000000000000000000000000000000000000000000000000000000000000000000000000000000000000000000000000000000000000000000000000000000000000000000000000000000000000000000000000000000000000000000000000000000000000040000000000000000000000000000000000000000000000000000000000000000420000000000000000000008000000400000000000000000000000000000000000020000000000000000000000000000000000000000000000000000000000000000000000000010000100000b0300000000000
Wang-Jun-Chao,Cracking-the-Coding-Interview.git,unknown,0x0
youmu178,ArcProgressBar.git,build.gradle,0x0
panjichang,small_video.git,unknown,0x0
dueros,bot-sdk-java.git,pom.xml,0x1000000000000000000000000000000000000000000000000000000000000000000000000004000000000000000000000000000000000000000000000000000000000000000000000000000000000000000000000000000000000000000000000000000000000000000000000000000000000000000000000000000000000000000000000000000000000000000000000000000000000000000000000000000000000000000000000000000000000000000000000000000000000000000000000000000000000000000000000000000000000000000000000000000000200000e000000680000002
hengyuboy,spring-boot-chapter.git,pom.xml,0x7ffe0000000000000000000000000000000000000000000000000000800000000000000000000000000000000000000000000000000000000000000000000800000000000000000000000000000000000000000000000000000000200000000000000000000000000000000000000002000000000000000000000000000000000000000000000000000000000000000000000000000200000200000000000000000000000000000000000004000400000000000000008840001000000000000000000000000000000000000000000000000000000014408004000400100012120620000400820000000
appdev,GoldDemo.git,build.gradle,0x0
miguno,avro-hadoop-starter.git,build.gradle,0x0
mrwilson,java-dirty.git,pom.xml,0x800000000000000000000000000000000000000000000000000000000c000000000000000000000000000000000000000000000000000000000000000000000000000000000000000000000000000000000000000000000000000000000000000000000000000000000000000000000000000000000000000000000000000000000000000000000000000000000000000000000000000000000000000000000000000000000000000000000000000000000000000000000000000000000000000000000000000000000000000000000000000000000000000000000000000000000000000000000000a
jiangqqlmj,DragHelper4QQ.git,build.gradle,0x0
yongshun,some_java_code.git,pom.xml,0x4000600000000000000000000000000000000000000000000000000000000000000000000000000000000000000000000000000000000000000000000000000000000000000000000000000000000000000000000000000000000000000000000000000000000000000000000000000000000000000000000000000000000000000000000000000000000000000000000000000000000000000000000000000000000000000000000000000000000000000000000000000000002048000000000001800002001000000001000000000000500004120000010080000000000
SpikeKing,wcl-circle-reveal-demo.git,build.gradle,0x0
vert-x3,vertx-mysql-postgresql-client.git,pom.xml,0x7ff000000000000000000000000000000000000000000000000000000000000000000000000000000000000000000000000000000000000000000000000000000000000000000000000000000000000000000000000000000000000000000000000000000000000000000000000000000000000000000000000000000000000000000000000000000000000000000000000000000000000000000000000000000000000000000000000000000000000000000000001010c000400000000008000000000000000000000000000000000000010000000000000000000000000000000020001000000000000a
happyyangyuan,springcloud-quickstart.git,build.gradle,0x0
CNCoderX,ExpandableTextView.git,build.gradle,0x0
anbud,MarkovComposer.git,unknown,0x0
mohak1712,Insta-Chat.git,build.gradle,0x0
SwipeX,PokeMate.git,build.gradle,0x0
mitoyarzun,zxingfragmentlib.git,build.gradle,0x0
tnm,murmurhash-java.git,pom.xml,0x2
AndSync,XPermissionUtils.git,build.gradle,0x0
franmontiel,FullScreenDialog.git,build.gradle,0x0
defacto133,MultiLevelExpandableIndentableListView.git,build.gradle,0x0
imrunning,android-instagram-image-filter.git,build.gradle,0x0
hitherejoe,HackerNewsReader.git,build.gradle,0x0
quarnster,SublimeJava.git,unknown,0x0
jrhu05,jerryUtil.git,pom.xml,0xf80000000000000000000000000000000000000000000000000000000000000000000000000000000000000000000000040000000004000000000000000000000000000000000000000000000000000000000000000000000000000000000000000000000000000000000000000000000040000000000000000000000000000000000000000000000000000000000000000000008000000000000040000000000000000100000000000000000000000000000000000000000000000000000000000000000000000000002000004080000000000000000000000000000000000000000020610000400000200
5peak2me,QRCode.git,build.gradle,0x0
vasth,zaina.git,unknown,0x0
nuuneoi,AdjustableImageView.git,build.gradle,0x0
yakaz,elasticsearch-action-updatebyquery.git,pom.xml,0x1000000000000000000000000000000000000000000000000000000000000000000000000000000000000000000000000000000000000000000000100000000000000000000000000000000000000000000000000000000000000000000000000000000000000000000400000000000000000000000000000000000000000000000002000000000000000000000000000000000000000000000000000000001000000000000000000000000000000000000000000000000000000000000000000000000000000000000000000000080000000000000000000000000000000000000000000010000000000000
canyinghao,CanDialog.git,build.gradle,0x0
Anthonyzou,react-native-image-zoom.git,build.gradle,0x0
campusappcn,Pan.git,build.gradle,0x0
neoremind,easy-mapper.git,pom.xml,0x7e000000000000000000000000000000000000000000000000000000000000000000000000000000000000000000000000000000000000000000000000000000000000000000000000000000000000000000000000000000000000000000000000000000000000000000000000000000000000000000000000000000000000080020000000000000000000000000000000000000000000000000000000000000100000000000000000000000000000000000000000000000001000000000000000000000000000000040000000000000090002000000000000000000000000001000040000010000250200002
sanity,tahrir.git,pom.xml,0x1f80000000000000000000000000000000000000000000000000000000000000000000000000040000000000000000000000000000000000000000000000000000000000000000000000000000000000000000000000000000000000000000000000000000000000080000000000000000000000000000000000000000000000000000000000000000000000000000000000000000000000000000000000000000000000000000000000000000000000008000000000400000010000000000000400000000000000000000000000000000000040000000000000000000000000000000000000080008600200410
pakoito,RxTuples.git,build.gradle,0x0
CommonQ,XSwipeRefresh.git,build.gradle,0x0
shchurov,ParticleView.git,build.gradle,0x0
wolfking0608,MobileVideo.git,build.gradle,0x0
netcan,Talk.git,unknown,0x0
nuno,TiCollectionView.git,unknown,0x0
Kurento,kurento-room.git,pom.xml,0x7fffffe00000000000000000000000000000000000000000000000000000000000000000000000000000000000000000000000000000000000000000000000000000000000000000000000000000000000000000000000010000000000000000000000000000000000000000000000000000000000000000000000000000000000000000000000000000000000000000000000000000000000000000000000200000000000000000000000000000000000000000000000000000000000000000000000000000000000000000000000000000000000000200000000000000000000000300000004000000000000000000a
googlearchive,android-ActionBarCompat-ShareActionProvider.git,build.gradle,0x0
liuzhengyang,simple-rpc.git,pom.xml,0x180000000000000000000000000000000000000000000000000000000000000000000000000000000000000000000000000000000000000000000000000000000000000000000000000000000000000000000000000000000000000000000000000000000000000000000001000000000000000000000000000000000000000000000000000000000000000000000000000000000000000000000000000001000000000000801000000000000000000000080000001000000000000000060040000000000000000000000000020000000000000000800000000000000000000000000001010000000000103d0020000002
googlearchive,android-ScopedDirectoryAccess.git,build.gradle,0x0
beczesz,FragmentNavigationPatternDemo.git,build.gradle,0x0
li5454yong,springboot-security-oauth2.git,pom.xml,0x2000000000000000000000000000000000000000000000000000000000000000000000000000000000000000000000000000000000000000000000000000000000000000000000800000000000000000000000000000000000000000000000000000000000001000004000400100000020200000000000000000
kongpengcheng,SmartRoute.git,build.gradle,0x0
bamlab,rn-camera-roll.git,build.gradle,0x0
xlxl2010,FTP.git,unknown,0x0
googlearchive,android-DirectorySelection.git,build.gradle,0x0
vancefantasy,flyer-maker.git,pom.xml,0x48000000000000000000000000000000000000000000000000200080000280000000
wangjiegulu,androidInject.git,build.gradle,0x0
KellenHu,AndroidCodeStructureAndUtils.git,unknown,0x0
TangXiaoLv,Surgeon.git,build.gradle,0x0
pulsarIO,jetstream.git,pom.xml,0xfffffe000000000000000000000000000000000000000000000800000000000000000000000000000000000000000000000000000000000000000000000000000000000000000000200000000000000000000000000000008000000000000000000000000001000000000000002000008000000000000008000000008000000000000000000000000000000000000000000000000000004000000000004001400000000000000000010000010001004080000000000400c00000000000000000018201000000c0000000000000000020100400000000800400021000000000000000000000000000020000078f1080080200612
ihgoo,AllInOne.git,unknown,0x0
opoo,opoopress.git,pom.xml,0xfffffff00000000000000001000000000000000000000000000000000000000000000000080000000000000000000000000000000000000000000000000000000000000000000000000000000000000000000000000000000000000000000000000000000000000000000000000000000000000000000000100000000000000800000000000000000000000000000000000000000000000000000000000000020000000000000000000000000000000000000008000010000000000000001000000000000000000000004400000000000002000000080000048000000000000000000000000000000000000000000008900000802a0202
dkmeteor,ActivityAnimationLib.git,unknown,0x0
youxiachai,Notifications4EveryWhere.git,unknown,0x0
simonbasle,practicalRx.git,pom.xml,0x300000000000000000000000000000000000000000000000000000000000000000000000000000000000000000000000000000000000000000000000000000000000000000000800000000000000000000000000000000000000000000000000000000000000000000000000000000000000000000000000000000000000000000000000000000000000000000000000000000000000000000000000000000000000000000000000000000000000000000000000000000000000000000000000000000000000000000000000000000000000000000000000000000000000000000800000000000000000100000020000200000000000000
willowtreeapps,OAK.git,pom.xml,0xffffc00000020000000000000000000000000000000000000000000000000000000000000000080000000000000000000000000000000000000000000000000000000000000000000000000000000000000000000000000000000000000000000000000000000000000000000000000000000000000000000000010400000000000000000000000000000000000000000000000000000000000000000000000000000000000000000000000000000000000000000000800000000000000000000000000000000000000000000000000000000000000000000000000000000000000000000000000000000000000000000000000000000200407
GavinCT,MeituanLintDemo.git,build.gradle,0x0
wanliyang1990,PayPwdEditText.git,build.gradle,0x0
fengchangsheng,skeleton.git,pom.xml,0x700000000000000000000000000000000000000000000000000000000000000000000000000000000000000000000000000000000000000000000000000000000000000000000000000000000000000000000000000000000000000000000000000000000000000000000000000000000000000000000000000000000000000000000000000000000000000200000000000000000000000000000000000000000000000000000000000000000000000000000000000000000000000000000c0000000000000000000000000000000000000000000008000000000080800000000000000000001000000000000100000020220000000200200002
licheng,zoj.git,unknown,0x0
leeowenowen,beauty-of-math.git,build.gradle,0x0
shellljx,CNode-android.git,build.gradle,0x0
Devskiller,jpa2ddl.git,pom.xml,0x1f80000000000000000000000000000000000000000000000000000000000000000000000000000000000000000800000000000000000000000000000000000000020000000000000000040000000000000000000000000000000000000000000000000000000000000000000000000000000000000000000000000000000000000000000000000000000000000000000000000000000000000000000000000040000000000000000000000000000000000000000001000000001000000000000000000000000000000000000001000000000000000000000000000000000000000000000000000000000000000000004002000000000000060002
thomasvidas,Simple-Lockscreen.git,build.gradle,0x0
boboyuwu,PinnedHeaderItemDecoration.git,build.gradle,0x0
flindby,spring-oauth2-zuul.git,build.gradle,0x0
florent37,OCiney.git,build.gradle,0x0
zhe525069676,BgMoveViewPager.git,build.gradle,0x0
gkopff,gson-jodatime-serialisers.git,pom.xml,0x6000000000000000000000000000000000000000000000000000000000000000000000000000000000000000000000000000000000000000000000000000000000000000000000000000100000000000000000000000000000000000000000000000000000000000000000000000000000000000000000000000000000000000000000000000000000000000000000000000000000000000000000000000000000000000000000000000000000000000000000000000000000000000000000000000000000000000000000000000000000000000000000000000000000000000000000000000000000000000000000000000000000008000000402
thymeleaf,thymeleafexamples-springmail.git,pom.xml,0x80000000000000000000000000000000000000000000000000000000000000000000000000000000000000000000000000000000000000000000000000000000000000000000000000000000000000000000080000000000000000000000000000000000000000000000000000000000004000000000000000000000000000000000000000000000000000000000000000080000002000000000000000000000000000002000000111500080000000
lltx,learn-alibaba.git,pom.xml,0x7f8000000000000000000000000000000000000000000000000000000000000000000000000000000000000000000000000000000000000000000000000000000000000000000000000000000000004000000000000000000000000000000000000000000000000000000000000000000000000000000000000000000000000000000000000000000000000000000000000000000000000000000000000000000000000000000000000000000000000000000000000000000000000000000000000000000000000000000000000000000000000000000000000000000000000000000000000000081040000000200100000020200000000020000000
xuminwlt,j360-boot.git,pom.xml,0xf800000000000000000000000000000000000000000000000000000000000000000000000000000000000000000000000000000080000000000000000000000000000000000000000000000000000000000000000000000000000000000000000000000000000000000000000000000000000000000000000000000000000000000020000000000000000000000000000000000000000000000000000000000000000000000000000200000000000000000000000001003280000000000000000070000000000000008840000000000000000000000000010000000000000000000000000000000000000000000408300020420200000008220000000
zhangkaitao,spring4-1-showcase.git,pom.xml,0xff00000000000200000000000000000000000000000000000000000000200000000000000000000000000000000000000000010000000000000000000000000000000000000000000000000000000000000000000000000000000000000000000001000000000000000000000000000000000000000000000000000000000000000000000000000000020000000000000000000000000000000000000000000000000000000000000000020000000000010000000008000000c000000000000000400000000000000000004008000000804000000000000001400000000000080218000000000000000000000000000000100201000e007f00400400402
rahimlis,badgedtablayout.git,build.gradle,0x0
twitwi,AndroidDnssdDemo.git,unknown,0x0
cnswan,Juggle.git,build.gradle,0x0
tigerjj,ExpandedCircleProgressView.git,unknown,0x0
Karumi,KataContactsJava.git,build.gradle,0x0
gwizard,gwizard.git,pom.xml,0x3fff08000000000000000000000000000000000000000000000000000000000000000000000800000000000000000000000000100000000000000000000000000000000000000000000000000000002000000000400000000000000000000000000000000000000000000000000000080000000000000000000000000000000000000000000000000000000000000000000000000000000000000000000000000000001000000000200000000000000000000000000000000000100000000000000000400004000000000000000088028201144000000000000000000000000000000000000000000000000000000000000000000600201e0f0000020200008
xuningjack,AndroidMultiChannelBuild.git,unknown,0x0
andforce,Maps.git,build.gradle,0x0
damien5314,TimeSinceTextView.git,build.gradle,0x0
AweiLoveAndroid,ApplicationHelper.git,build.gradle,0x0
qiushi123,love.git,build.gradle,0x0
ZXZxin,zxorder.git,pom.xml,0xc000000000000000000000000000000000000000000000000000000000000000000000000000000000000000000000000000000000000000000000000000000000000000000000000000000000000000000000000000000000000000000000000000000000000000000000000000000000000000000000000000000000000000000000000000000000000000000000000000000000000000000000000000000400000000000000000000000000000000000000000000000000000000000000000000000000000000000000008000000000000000000000000000000000000000000000000000000000000200048e22030608100000020200000000020000400
datasift,dropwizard-extra.git,pom.xml,0xf0000000000000000000000000000000000000000000000000000000000000000000000040000000000000000000000000000000000000000000000000000000000000000000000000000000000000100000000000000000000000000000000000000000000000000000000000000000000000000000000000000000000000000000000000000000000000000000000000000000000000000000000000000000000000000000000000000000000000000000000000000000000000000000000000000000000000000000000000000000000000000000000000000000000000021000000000000100000000000000000000003000000000004000090000000012
lukaspili,Mortar-architect.git,build.gradle,0x0
DownUnderCTF,Challenges_2020_public.git,build.gradle,0x0
cisco-ie,anx.git,pom.xml,0x3ff00000000000000000000000000000000000001600000000000000000000000000000000000000000000000000000000000000000000000000000000000000000000000000000000000000000000000000000000000000000000000000000000000000000000000000000000000000000000000000000000000000000000000000000000000000000000000000000000000000000000000000000000000000000000000000000000000000000000000000000000000000000000000000000000000000000000000000000000000004000000000000000010000000000000000000000000000000000000000000000000000000000002000000010000000000000
niuxiaowei,SimpleJavaJsBridge.git,build.gradle,0x0
cStor-cDeep,RuleView.git,build.gradle,0x0
HongZhaoHua,jstarcraft-core.git,pom.xml,0x7fffffffffffffffffffc00000000000002200001000000000000000000000000000000000000000000000000000004000000200010030000000000000008000000000000400108000000000010000001600000000040000000000000400000000000000000000000400000000000000240000000000000000014000000000000000000000200400200080001000080000080000000100000000000020000000000000000000000000000000200000000000000080400000020080040000010001000040000018c000001000000008100000020000000008000000000000080000800000000000605800200000008081000000002000000001000000000000000401821e0169506c0000002
developerHaoz,SleepHelper.git,build.gradle,0x0
ayltai,Android-Lib-VerticalMarqueeTextView.git,build.gradle,0x0
jpmml,jpmml-lightgbm.git,pom.xml,0x1f8000000000000000000000000000000000000000000000000000000000000000000000000000000000000000000000000000000000000000000000000000000000000000000000000000000000000000000000000000000000000000000000000000000000000000000000000200000000000000000000000000000000000000000000000000000000000000000000000000000000000000000000000000000000000000000000000000000000000000000000000000000000000000000000000000000000000000000000000000000000000000000000000000000000000000000000000000000000000000000000000000000000000000000000000000000000000000000000000000002
xingliuhua,XLHRatingBar.git,build.gradle,0x0
gnembon,carpetmod.git,build.gradle,0x0
androidmads,SQLite2XL.git,build.gradle,0x0
xuningjack,drag_click_view.git,unknown,0x0
jrenner,gdx-proto.git,build.gradle,0x0
google,googletv-android-samples.git,unknown,0x0
JetBrains,intellij-samples.git,pom.xml,0x200000000000000000000000000000000006000000000000000000000000000000000000000000000000000000000000000000000000000000000000000000000000000000000000000000000000000000000000000000000000000000000800000000000000000000000000000000000000000000000000000000000000000000000000000000000000000000000000000000000000000000000000000000000000000000000000000000000000000000000000000000000000000000000000000000000000000000000000000000000000000000000000000000800000000000000000000000000000000000000000000000000000000000000000000000000000000000000000210000000
sutra,okcoin-client.git,pom.xml,0x3fc00000000000000000000000000000000000000000000000000000000000000000000000000000000000000000000000000000000000000000000000000000000000000000000000000000000000000000000000000000000000000000000000000000000000000000000000000000000000000000000000848000000000000000000000000000000000000000010000000000020000000000000000000000000000000000000000000000000000000000000000000000000000000000000000000000000000000000000000000000000000000000000000000000000000000000000000000000000800000000080000000000000000000000000000000000000000000006290000280000002
leixiaohua1020,simplest_video_website.git,unknown,0x0
damellis,cellphone.git,unknown,0x0
douzifly,android-lrc-view.git,unknown,0x0
zengfw,LongScreenShot.git,build.gradle,0x0
kiegroup,optaweb-vehicle-routing.git,pom.xml,0x7ffc000000000000000000000000000000000000000000000000000000000000000000000000000000000000000000000000000000000000000000000000000000000000000000000000000000000100000800000001400000000000000000000000000c000000000000000000000000000000000000000000000000000000000000000000000000000000000000000000000000000000000000000000000000000000000000000000000000000000000000000000000000000000000000000000000000000000000000000000000000000000000000000000000000001800000000000000000000000000000000000000000000000000000000000000000000000000004002010000000000200000
haibuzou,Calendar365.git,build.gradle,0x0
Zane96,EasyRouter.git,build.gradle,0x0
coldwalker,Sample.git,pom.xml,0x100000000000000000000000000000000000000000000000000000000000000000000000000000000000000000000000000000000000000000000000000000000000000000000000000000000000000000000000000000000000000000000000000000000000000000000000000000000000000000000000000000000000000000000000000000000000000000000000000000000000000000000000000000000000000000000000000000000000000000000000000000000000000000000000000000000000000000000000000000000000000000000000000000000000000000000a000000000000000000000000000000001008000000400300004100020000000000200000
MrCrayfish,MrCrayfishGunMod.git,build.gradle,0x0
Turingfly,cracking-the-coding-interview.git,unknown,0x0
bertilmuth,requirementsascode.git,build.gradle,0x0
Ifxcyr,LitePager.git,build.gradle,0x0
jjhesk,LoyalNativeSlider.git,build.gradle,0x0
ProjectCCNx,ccnx.git,pom.xml,0x80000000000000000000000000000000000000000000000000000000000000000000080000000000000000000000000000000000000000000000000000000000000000000000000000000000000000000000000000000000000000000000000000000000000000000000000000000000000000000000000000000000000000000000000000000000000000000000000000000000000000000000000000000000000000000000000000000000000000000000000000000000000000000000000000000000000000000000000000000000000000000000000400000000000000000000000000000000000000000000000000000000000000000000000000000000000000000000000000000000000002
rfoltyns,log4j2-elasticsearch.git,pom.xml,0xfff000000000000000000000000000000000040000000000000000000000000000000000000000000000000000000000000000000100000000000000000002000000000c000000000000000400000000000000000000000000000000000000000000000001c000000000000000000000000000000000040800000000000000000000000000000000000000000000000000000000000000000000000000000000000001000000002000000000000000000000000000000000000000000000000002000000000000000000000000000000000000c0000000000000000000000000000000000000000000000000000800000000000184000000000000000000000000000000000000000e600000200000008
jbehave,jbehave-tutorial.git,pom.xml,0xfff00000000000000000000000000000000000000000000000000000000000000000000000000000000000000000000000000000000000000000000000000000000000000000000000000000000000000000000000000000000000000000000000100000000000000000000000000000000000000000000000004000000000000000000000000000000000000000000000000000000000000000000000000000000000000000000000000000000000000000000000000000000000000000000000000000001000000004000000000000000000000000000000000000000000000000000000000000000000000000000000000000000008000000000000000000000000000000000000000000000010200000
LinkedInAttic,api-get-started.git,pom.xml,0x100000000000000000000000000000000000000000000000000000000000000000000000000000000000000000000000000000000000000000000000000000000000000000000000000000000000000000000000000000000000000000000000000000000000000000000000000000000000000000000000000000000000000000000000000000000000000000000000000000000000000000000000000000000000000000000000000000000000000000000000000800000000000000000000000000000000000000000000000000000000000000000000000100000000000000000000000000000000000000000000000000000000000000000000000000000000000000000000000000000000000000000
seeeeal,juzimi.git,build.gradle,0x0
qos-ch,logback-extensions.git,build.gradle,0x0
jchambers,fast-uuid.git,pom.xml,0xc0000000000000000000000000000000000000000000000000000000000000000000000000000000000000000000000000000000000000000000000000000000000000000000000000000000000000000000000000000000000000000000000000000000000000000000000000000000000000000000000000000000000000000000000000000000000000000000000000000000000000000000000000000000000000000000000000000000000000000000000000000000000000000000000000000000000000000000000002
linkedin,shaky-android.git,build.gradle,0x0
GregBowyer,ManagedRuntimeInitiative.git,unknown,0x0
Re-engineering-Domain-Driven-Design,Accounting.git,build.gradle,0x0
franlopjur,FlipCheckBox.git,unknown,0x0
